geoid,cdeligibil,ct10alcall,ct10alccl1,ct10alccl2,ct10alccl3,ct10alccl4,ct10alccl5
36005009300,,26,4,11,4,0,7
36047026100,,11,0,9,0,0,2
36047009800,,15,3,6,0,0,6
36061004800,,43,22,12,0,1,8
36061006300,,60,38,7,0,4,11
36061023100,,11,1,8,0,1,1
36047034000,,1,0,1,0,0,0
36047034100,,0,0,0,0,0,0
36047041500,,8,2,4,0,1,1
36047036300,,10,0,5,0,1,4
36047044900,,19,3,2,9,2,3
36047057800,,15,4,10,0,0,1
36047059100,,22,6,12,0,0,4
36047058200,,12,5,6,0,0,1
36047075600,,0,0,0,0,0,0
36047086200,,6,1,3,0,0,2
36047089600,,8,0,6,0,0,2
36047105804,,4,1,3,0,0,0
36047112600,,6,0,6,0,0,0
36047118201,,2,1,1,0,0,0
36005005001,,7,1,5,0,0,1
36005017701,,18,0,11,0,2,5
36005014100,,18,1,9,0,1,7
36005044901,,8,3,2,0,2,1
36005022404,,9,1,5,0,0,3
36005031900,,1,1,0,0,0,0
36005036700,,3,0,3,0,0,0
36005046000,,2,1,1,0,0,0
36081006100,,51,30,10,0,5,6
36081028300,,24,11,10,0,1,2
36081032700,,13,5,2,1,0,5
36081032900,,10,4,5,0,0,1
36081044601,,11,1,9,0,0,1
36081079701,,4,1,3,0,0,0
36081085500,,3,0,3,0,0,0
36081093401,,8,5,3,0,0,0
36081117100,,95,54,9,0,6,26
36081109700,,6,4,2,0,0,0
36081109900,,16,7,5,0,1,3
36047070202,,2,1,0,0,0,1
36005026601,,11,2,4,0,1,4
36005021301,,7,2,3,0,1,1
36005021502,,16,3,10,0,0,3
36081092900,,11,4,6,1,0,0
36081094500,,20,5,7,6,1,1
36081141700,,1,1,0,0,0,0
36047021100,,8,2,4,1,0,1
36047017700,,3,2,1,0,0,0
36047105801,,0,0,0,0,0,0
36047049100,,20,4,13,0,1,2
36047050900,,3,2,0,0,0,1
36081097203,,2,0,2,0,0,0
36047070203,,0,0,0,0,0,0
36047070600,,0,0,0,0,0,0
36081138502,,2,2,0,0,0,0
36081150701,,4,1,3,0,0,0
36047004900,,4,0,2,0,2,0
36047006300,,7,2,3,0,0,2
36047009200,,17,4,6,0,1,6
36061010602,,30,18,6,0,0,6
36081071600,,108,82,0,0,7,19
36081088400,,6,2,4,0,0,0
36085022800,,10,2,5,0,2,1
36061007800,,51,32,10,0,3,6
36085024800,,34,14,12,3,0,5
36061014300,,4,2,2,0,0,0
36085015603,,23,11,5,0,0,7
36085000900,,1,0,1,0,0,0
36061016002,,7,4,1,0,0,2
36047021000,,6,2,2,0,0,2
36005000100,,0,0,0,0,0,0
36081011400,,4,0,2,0,1,1
36005015900,,6,2,3,0,0,1
36081010701,,3,1,1,0,0,1
36081026902,,9,2,6,0,0,1
36061029900,,14,2,3,3,3,3
36005043500,,7,2,3,0,2,0
36085029102,,13,8,2,1,0,2
36005051600,,38,25,5,2,1,5
36081021900,,5,3,0,1,0,1
36081098100,,19,10,4,1,0,4
36085015400,,0,0,0,0,0,0
36047001800,,30,5,8,13,0,4
36061007000,,59,29,15,0,2,13
36061005000,,65,49,9,0,0,7
36047114202,,0,0,0,0,0,0
36085022600,,48,22,14,3,1,8
36081098700,,16,6,6,1,0,3
36047051001,,1,0,1,0,0,0
36047058000,,7,1,4,0,1,1
36047068000,,6,1,2,0,0,3
36047074800,,2,0,2,0,0,0
36047075000,,3,0,3,0,0,0
36005033202,,3,1,2,0,0,0
36047075200,,0,0,0,0,0,0
36047075400,,0,0,0,0,0,0
36081089200,,31,19,9,0,1,2
36047011000,,6,1,4,0,0,1
36081100801,,0,0,0,0,0,0
36081101002,,1,0,1,0,0,0
36047011200,,6,0,5,0,0,1
36047015300,,12,5,5,0,0,2
36047015500,,12,8,1,0,1,2
36085032300,,9,3,5,0,0,1
36047015700,,17,10,7,0,0,0
36081066400,,1,1,0,0,0,0
36081038302,,5,4,0,0,0,1
36047026000,,9,2,6,0,0,1
36047051002,,9,0,6,0,0,3
36085019800,,11,4,5,0,0,2
36047027700,,7,0,5,0,0,2
36047031702,,12,2,4,0,3,3
36047054200,,5,2,3,0,0,0
36061005502,,50,32,1,5,1,11
36061004100,,119,82,14,0,4,19
36061004300,,71,45,10,1,4,11
36005050400,,3,1,0,0,0,2
36061011900,,106,90,4,1,5,6
36061004500,,32,20,3,0,2,7
36061013900,,58,36,12,0,3,7
36061004900,,60,42,5,2,0,11
36061029700,,1,0,1,0,0,0
36061005400,,54,32,5,5,1,11
36085007700,,4,0,4,0,0,0
36085011401,,9,4,4,1,0,0
36085001100,,14,3,6,0,1,4
36085001700,,6,2,4,0,0,0
36085002700,,14,6,6,0,2,0
36085031901,,1,0,0,0,0,1
36085011402,,11,5,3,0,1,2
36085002900,,16,0,11,0,0,5
36061004700,,66,43,8,0,6,9
36085005900,,9,5,3,0,0,1
36061003400,,90,63,13,0,3,11
36085003300,,4,1,1,0,0,2
36085003900,,1,1,0,0,0,0
36085006700,,7,2,4,0,0,1
36085007500,,3,1,2,0,0,0
36085010500,,22,8,10,0,0,4
36061003601,,38,25,6,0,2,5
36085012100,,12,6,6,0,0,0
36085012200,,21,11,5,0,1,4
36085012500,,9,2,4,1,0,2
36061003602,,35,24,4,0,1,6
36047013100,,35,26,2,0,2,5
36085014608,,1,0,1,0,0,0
36085012804,,14,5,5,0,0,4
36085013301,,1,0,0,0,0,1
36061003800,,210,145,27,0,8,30
36085013400,,23,13,5,0,0,5
36061000100,,1,1,0,0,0,0
36061009600,,97,67,5,5,9,11
36085014700,,9,5,2,0,0,2
36085013800,,2,1,1,0,0,0
36085014605,,6,3,2,0,0,1
36085015601,,15,9,6,0,0,0
36061003002,,41,21,12,0,2,6
36061009400,,57,42,2,3,3,7
36085017009,,0,0,0,0,0,0
36061006400,,41,18,17,0,2,4
36085017005,,16,6,6,0,0,4
36085017007,,2,1,0,0,1,0
36085017011,,5,1,1,1,0,2
36061002601,,18,8,5,0,2,3
36085018901,,12,6,4,1,0,1
36061007700,,66,49,10,0,2,5
36085018902,,2,1,1,0,0,0
36085019700,,2,0,1,0,0,1
36085020100,,15,4,7,0,1,3
36085021300,,24,9,8,0,2,5
36085027706,,10,3,7,0,0,0
36085027705,,0,0,0,0,0,0
36061003200,,139,103,12,0,3,21
36061005600,,51,35,6,3,1,6
36085024401,,5,4,1,0,0,0
36085002002,,6,2,3,0,1,0
36061005800,,75,44,6,8,5,12
36085027301,,5,4,1,0,0,0
36085027302,,0,0,0,0,0,0
36085027704,,0,0,0,0,0,0
36085001800,,0,0,0,0,0,0
36085003600,,2,1,1,0,0,0
36085013201,,0,0,0,0,0,0
36085004000,,8,3,4,0,0,1
36061006700,,127,94,9,0,4,20
36061003001,,118,87,9,0,1,21
36085014607,,13,3,7,0,1,2
36085024402,,2,2,0,0,0,0
36061009100,,68,37,14,4,4,9
36085004700,,3,1,1,0,0,1
36085006400,,12,8,1,0,1,2
36061005900,,24,14,9,0,0,1
36085007400,,9,4,5,0,0,0
36085014604,,17,5,6,0,2,4
36085015602,,4,2,2,0,0,0
36085013203,,12,5,1,0,2,4
36061009500,,62,34,11,5,4,8
36085016901,,10,5,4,0,0,1
36085013204,,9,4,2,0,0,3
36085017008,,1,0,1,0,0,0
36061006100,,62,44,5,2,3,8
36047076000,,1,1,0,0,0,0
36085013302,,17,4,8,0,3,2
36061002100,,86,53,15,3,5,10
36085017012,,1,1,0,0,0,0
36085017300,,7,1,4,0,1,1
36085018701,,4,1,1,0,0,2
36061008700,,47,29,12,0,1,5
36061001401,,10,3,4,0,1,2
36085018702,,6,1,3,0,1,1
36085023100,,12,3,7,0,1,1
36085023900,,8,4,3,0,0,1
36061001402,,32,17,6,0,2,7
36085024700,,10,3,4,0,2,1
36061005501,,15,10,4,0,0,1
36085025100,,2,2,0,0,0,0
36061002602,,43,21,11,0,1,10
36085029104,,14,7,5,0,0,2
36061001502,,65,43,6,0,4,12
36061001800,,114,69,14,1,10,20
36061009800,,140,99,11,2,6,22
36061002201,,35,15,10,1,3,6
36061002202,,18,9,6,1,1,1
36061016900,,45,29,10,0,1,5
36061002700,,6,3,2,0,0,1
36061002800,,31,16,10,0,1,4
36061003300,,98,65,10,6,5,12
36061000500,,2,1,0,0,0,1
36061001200,,3,0,3,0,0,0
36061006500,,165,125,13,0,7,20
36061006600,,37,17,10,0,2,8
36061006800,,83,54,12,2,2,13
36061007100,,78,55,11,0,3,9
36061007300,,93,69,13,0,3,8
36061007500,,47,33,5,0,2,7
36061007600,,102,68,10,7,2,15
36061007900,,65,54,3,0,4,4
36061008100,,53,31,11,0,3,8
36061008300,,54,36,10,0,3,5
36061008400,,73,52,1,1,9,10
36061008900,,38,23,9,0,1,5
36061010000,,64,47,6,2,0,9
36061010100,,73,50,8,3,1,11
36061010200,,47,35,5,0,0,7
36061010300,,17,10,4,0,2,1
36061010400,,65,45,4,1,3,12
36061010601,,11,8,3,0,0,0
36061010800,,66,40,11,0,0,15
36061010900,,46,29,9,4,1,3
36061011100,,57,26,14,2,1,14
36061011201,,33,25,2,0,2,4
36061011202,,20,13,1,2,2,2
36061011203,,17,13,1,0,1,2
36061011300,,63,45,5,2,6,5
36061011401,,33,26,0,0,3,4
36061011402,,38,27,5,1,0,5
36061011500,,72,43,12,2,3,12
36061011600,,10,6,3,0,0,1
36061011800,,26,15,9,0,1,1
36061012000,,18,12,4,0,0,2
36061012100,,111,85,12,0,2,12
36061012200,,16,13,0,0,1,2
36061012400,,36,17,13,0,1,5
36061012500,,105,81,8,1,3,12
36061012600,,50,28,12,0,2,8
36061012700,,95,65,16,0,2,12
36061012800,,21,17,4,0,0,0
36061013000,,13,10,2,0,1,0
36061013100,,75,60,4,1,2,8
36061013200,,39,19,10,0,4,6
36061013300,,87,66,7,0,4,10
36061013400,,67,40,10,0,2,15
36061013700,,113,86,13,3,1,10
36061013800,,85,51,18,0,0,16
36061014000,,34,23,6,0,0,5
36061014200,,12,8,3,0,0,1
36061014401,,6,3,2,0,0,1
36061014500,,28,22,5,0,1,0
36061014601,,40,31,6,0,1,2
36061014602,,28,18,7,0,2,1
36061014700,,2,0,1,0,0,1
36061014801,,10,6,4,0,0,0
36061014802,,32,19,10,0,0,3
36047010000,,16,0,11,0,1,4
36061014900,,24,18,3,0,0,3
36061015001,,8,5,1,0,1,1
36061015002,,7,5,2,0,0,0
36061015300,,33,25,4,0,0,4
36061015400,,53,25,14,1,2,11
36061015601,,15,4,6,0,2,3
36061015602,,1,1,0,0,0,0
36061015700,,60,40,10,1,2,7
36061015801,,25,10,9,0,0,6
36061015802,,11,4,5,0,0,2
36061016001,,19,13,3,0,0,3
36061016100,,32,21,6,1,1,3
36061016400,,5,0,5,0,0,0
36061016500,,32,23,4,0,1,4
36061029300,,45,17,19,0,1,8
36061016600,,32,10,12,0,1,9
36061020600,,11,1,7,0,0,3
36061016700,,35,21,9,0,1,4
36061016800,,7,2,5,0,0,0
36061017000,,24,2,15,0,1,6
36061017100,,30,18,5,0,1,6
36061017200,,31,9,12,0,0,10
36061020800,,11,3,3,0,1,4
36061017300,,12,5,6,0,0,1
36061017401,,5,0,4,0,0,1
36061017402,,7,2,2,0,2,1
36061017500,,20,9,7,0,0,4
36047004100,,20,6,6,0,1,7
36061017700,,10,5,4,0,1,0
36061020701,,9,6,1,0,1,1
36061018000,,23,3,11,0,1,8
36061018100,,15,4,9,0,2,0
36061018200,,23,7,11,0,1,4
36061018400,,17,4,11,1,0,1
36061018500,,6,1,3,0,1,1
36047013000,,12,2,5,1,0,4
36061018600,,2,0,2,0,0,0
36061018800,,43,16,17,0,1,9
36061019000,,7,2,4,0,0,1
36061019400,,15,0,11,0,0,4
36061019500,,26,13,9,0,1,3
36061019600,,11,0,10,0,0,1
36061019701,,2,2,0,0,0,0
36061019800,,5,1,3,0,0,1
36061019900,,20,14,4,0,0,2
36061020000,,15,8,4,0,1,2
36061020101,,4,2,1,0,0,1
36061020102,,8,2,1,0,2,3
36061020300,,2,1,1,0,0,0
36061020901,,7,2,3,0,0,2
36061021200,,4,1,3,0,0,0
36061021303,,10,0,7,0,0,3
36061021400,,4,1,3,0,0,0
36047054400,,1,0,1,0,0,0
36061021500,,7,2,4,0,0,1
36061023400,,7,0,4,0,0,3
36061021703,,2,1,1,0,0,0
36061021800,,13,2,9,0,1,1
36061022000,,18,8,8,0,0,2
36061022102,,5,0,4,0,0,1
36061022200,,16,5,6,0,3,2
36061022400,,19,5,5,0,1,8
36061023501,,11,2,7,0,0,2
36061022600,,16,3,9,1,0,3
36061022700,,8,2,4,0,0,2
36061022800,,16,3,7,0,0,6
36061022900,,29,7,12,0,2,8
36061023000,,15,1,8,0,2,4
36061023200,,18,2,11,0,1,4
36061023802,,4,0,3,0,1,0
36061029500,,18,7,9,0,2,0
36061023900,,13,1,6,0,2,4
36061024100,,11,2,5,0,1,3
36061025100,,11,3,3,0,2,3
36061024301,,13,3,6,0,0,4
36061024500,,48,8,25,0,3,12
36061024700,,6,1,3,0,0,2
36061024900,,7,2,3,0,0,2
36061025300,,44,9,25,0,0,10
36047008800,,9,3,3,0,0,3
36061025700,,8,3,3,0,0,2
36061025900,,8,1,6,0,1,0
36061026100,,33,5,18,0,2,8
36061026300,,31,9,13,0,0,9
36061026700,,0,0,0,0,0,0
36061026900,,35,9,15,0,1,10
36061027100,,19,7,6,0,0,6
36061027700,,16,1,7,0,2,6
36061027900,,23,8,12,0,0,3
36061028300,,16,2,10,0,0,4
36061028500,,28,4,14,0,2,8
36061029100,,36,9,19,0,1,7
36061030300,,19,11,2,0,1,5
36061030700,,7,2,3,0,0,2
36047000200,,22,7,9,2,0,4
36047000501,,18,8,6,0,0,4
36047000502,,20,12,2,0,1,5
36047000700,,22,9,4,6,1,2
36047002000,,12,5,3,0,1,3
36047003000,,3,0,3,0,0,0
36047003300,,19,10,5,0,1,3
36047003600,,3,0,3,0,0,0
36047004300,,28,19,4,0,4,1
36047076200,,0,0,0,0,0,0
36047004500,,26,18,4,0,0,4
36047005201,,0,0,0,0,0,0
36047005202,,0,0,0,0,0,0
36047007400,,19,4,10,0,0,5
36047005400,,11,3,5,0,0,3
36047005800,,24,12,10,1,0,1
36047006800,,24,7,9,0,0,8
36047005900,,16,5,2,0,3,6
36047006000,,24,15,6,0,0,3
36047006200,,22,12,5,0,2,3
36047006400,,23,13,7,0,0,3
36047009000,,13,4,7,0,1,1
36047006500,,25,13,8,0,0,4
36047006700,,13,6,4,2,0,1
36047006900,,52,33,10,0,0,9
36047007100,,6,0,4,1,0,1
36047007500,,40,26,6,0,1,7
36047007600,,14,3,5,2,2,2
36047007800,,16,3,7,0,0,6
36047008000,,17,6,7,0,0,4
36047008400,,36,14,11,1,3,7
36047008500,,3,0,3,0,0,0
36047010100,,15,2,10,2,0,1
36047010200,,17,5,8,0,0,4
36047010400,,29,10,8,0,0,11
36047010600,,21,9,4,0,0,8
36047010800,,23,6,7,0,1,9
36047011400,,1,0,1,0,0,0
36047079601,,14,2,4,0,2,6
36047011600,,6,0,2,0,2,2
36047011700,,17,6,7,0,1,3
36047011800,,14,7,3,0,0,4
36047012000,,11,7,4,0,0,0
36047012100,,15,8,6,1,0,0
36047012700,,15,3,5,3,2,2
36047012801,,9,3,3,0,1,2
36047012902,,25,16,6,0,1,2
36047013200,,8,4,3,0,0,1
36047013300,,30,18,4,0,3,5
36047013500,,22,14,1,0,1,6
36047013600,,12,4,5,0,0,3
36047013700,,35,20,5,0,3,7
36047013800,,18,6,10,0,1,1
36047013900,,22,12,7,0,1,2
36047014000,,7,2,4,1,0,0
36047014100,,18,8,8,0,0,2
36047014200,,7,3,2,0,0,2
36047014500,,24,10,12,0,0,2
36047014700,,4,3,1,0,0,0
36047014800,,4,2,1,0,1,0
36047014900,,25,15,7,0,0,3
36047015000,,2,1,1,0,0,0
36047015100,,28,16,10,0,0,2
36047015200,,1,1,0,0,0,0
36047015900,,20,9,5,0,0,6
36047016000,,25,9,9,0,1,6
36047016100,,25,11,9,0,3,2
36047016500,,0,0,0,0,0,0
36047016600,,0,0,0,0,0,0
36047016700,,7,2,2,0,0,3
36047016800,,0,0,0,0,0,0
36047019000,,12,3,6,0,0,3
36047016900,,31,13,9,1,0,8
36047017000,,6,4,2,0,0,0
36047017100,,5,2,3,0,0,0
36047043500,,13,1,8,0,0,4
36047017200,,9,1,5,0,0,3
36047017400,,2,0,2,0,0,0
36047018400,,0,0,0,0,0,0
36047018501,,5,0,4,0,0,1
36047018600,,2,0,2,0,0,0
36047018700,,10,2,5,0,0,3
36047018800,,7,2,4,0,0,1
36047017600,,5,1,2,0,0,2
36047019100,,25,13,6,0,2,4
36047017800,,12,2,4,0,0,6
36047017900,,2,1,0,0,1,0
36047018000,,7,1,3,0,0,3
36047018100,,22,13,6,0,0,3
36047018200,,7,1,4,0,1,1
36047018300,,23,15,6,0,0,2
36047019200,,10,2,5,0,0,3
36047017500,,2,1,1,0,0,0
36047019300,,10,2,5,0,0,3
36047019400,,7,3,0,1,1,2
36047019500,,11,6,3,0,1,1
36047019600,,15,2,7,0,1,5
36047019700,,14,5,7,0,2,0
36047019800,,6,2,4,0,0,0
36047020000,,7,3,4,0,0,0
36047020100,,15,8,4,0,0,3
36047020200,,0,0,0,0,0,0
36047020400,,0,0,0,0,0,0
36047020500,,23,15,7,0,0,1
36047020600,,3,1,0,0,0,2
36047020700,,10,4,3,0,1,2
36047020800,,5,1,2,0,0,2
36047021200,,17,4,9,0,1,3
36047021300,,8,2,4,0,0,2
36047021400,,7,3,3,0,0,1
36047021500,,11,7,3,0,0,1
36047021600,,6,1,3,0,0,2
36047021700,,14,3,6,0,1,4
36047021800,,5,1,2,0,0,2
36047021900,,16,5,5,0,4,2
36047022000,,13,2,7,0,1,3
36047022100,,9,6,3,0,0,0
36047022200,,9,1,6,0,1,1
36047022400,,4,1,3,0,0,0
36047022600,,12,2,7,0,0,3
36047022700,,19,7,7,0,2,3
36047024400,,3,0,2,0,0,1
36047022800,,1,0,1,0,0,0
36047022900,,8,3,4,0,0,1
36047023000,,10,2,4,0,1,3
36047023100,,6,2,4,0,0,0
36047023200,,0,0,0,0,0,0
36047023300,,17,9,7,0,0,1
36047023400,,0,0,0,0,0,0
36047023500,,12,2,8,0,0,2
36047023600,,0,0,0,0,0,0
36047023800,,0,0,0,0,0,0
36047024000,,4,1,3,0,0,0
36047024100,,8,1,5,0,0,2
36047026900,,7,0,2,0,1,4
36047024200,,3,2,1,0,0,0
36047024300,,8,0,6,1,1,0
36047024500,,17,4,9,0,1,3
36047024600,,4,1,2,0,0,1
36047024700,,16,3,11,0,1,1
36047024800,,11,2,6,0,0,3
36047024900,,8,1,5,0,0,2
36047025000,,7,0,4,0,2,1
36047025100,,10,0,8,0,0,2
36047025200,,10,2,6,0,0,2
36047025300,,4,1,3,0,0,0
36047025400,,11,3,5,0,0,3
36047025500,,0,0,0,0,0,0
36047025600,,5,2,2,0,0,1
36047025700,,21,2,10,0,2,7
36047025800,,9,2,6,0,0,1
36047025901,,8,0,5,0,0,3
36047027000,,0,0,0,0,0,0
36047025902,,0,0,0,0,0,0
36047026200,,7,4,3,0,0,0
36047026300,,5,0,4,0,0,1
36047026400,,21,4,12,0,1,4
36047026500,,6,0,5,0,0,1
36047026600,,9,2,3,0,1,3
36047026700,,15,1,8,0,2,4
36047026800,,3,0,3,0,0,0
36047027100,,12,3,4,0,1,4
36047027200,,4,0,1,0,1,2
36047027300,,12,3,5,0,0,4
36047027400,,5,1,2,0,1,1
36047027500,,14,4,5,0,0,5
36047027600,,13,2,7,1,0,3
36047027800,,12,4,6,0,0,2
36047027900,,7,0,5,0,0,2
36047028000,,5,2,2,0,0,1
36047028100,,11,1,7,0,0,3
36047028200,,4,0,4,0,0,0
36047028300,,12,0,7,0,2,3
36047028400,,12,5,4,0,0,3
36047028501,,5,0,4,0,0,1
36047029100,,5,0,5,0,0,0
36047044200,,1,1,0,0,0,0
36047028502,,0,0,0,0,0,0
36047028600,,13,4,6,0,0,3
36047028700,,18,6,8,0,0,4
36047028800,,12,2,7,0,2,1
36047028900,,15,1,7,0,1,6
36047029000,,2,0,1,0,1,0
36047029200,,6,1,3,0,0,2
36047029300,,6,0,6,0,0,0
36047041402,,1,0,1,0,0,0
36047029400,,2,0,2,0,0,0
36047029500,,7,2,3,0,1,1
36047029600,,16,3,9,0,0,4
36047029700,,6,2,1,0,0,3
36047044300,,19,6,7,0,0,6
36047029800,,12,8,3,0,0,1
36047029900,,4,0,3,0,1,0
36047030000,,9,2,5,0,1,1
36047030100,,9,0,9,0,0,0
36047030200,,3,0,2,0,0,1
36047030300,,9,1,5,0,1,2
36047032800,,6,0,5,0,0,1
36047032900,,7,1,5,0,0,1
36047030400,,7,2,4,0,0,1
36047030500,,29,14,9,0,2,4
36047030600,,0,0,0,0,0,0
36047030700,,6,0,5,0,0,1
36047030800,,5,0,4,0,0,1
36047030900,,9,2,3,1,0,3
36047031100,,10,0,6,0,0,4
36047034200,,13,0,7,0,1,5
36005039200,,4,1,2,0,0,1
36047033000,,1,0,1,0,0,0
36047031900,,9,1,4,0,0,4
36047032100,,10,2,5,0,2,1
36047031400,,6,3,3,0,0,0
36047031701,,10,2,5,0,1,2
36047079602,,17,5,8,0,1,3
36047032300,,11,1,7,0,0,3
36047032500,,4,0,4,0,0,0
36047032600,,21,2,12,0,0,7
36047032700,,16,2,5,2,3,4
36047033100,,8,0,6,0,0,2
36047033300,,1,1,0,0,0,0
36047033500,,3,0,3,0,0,0
36047040100,,10,1,5,0,1,3
36047035602,,3,2,1,0,0,0
36047033600,,2,1,0,0,0,1
36047033700,,2,1,1,0,0,0
36047033900,,10,2,7,1,0,0
36047059300,,10,2,3,3,0,2
36047034300,,7,0,6,0,0,1
36047034500,,9,0,5,0,0,4
36047034700,,4,1,3,0,0,0
36047035900,,12,0,7,0,0,5
36047036200,,23,4,14,0,0,5
36047036400,,4,0,3,0,0,1
36047035200,,32,15,2,2,1,12
36047036001,,6,1,3,0,1,1
36047036002,,13,7,3,0,0,3
36047036501,,2,0,2,0,0,0
36047036502,,4,0,3,1,0,0
36047039600,,1,1,0,0,0,0
36047036600,,8,0,6,0,1,1
36047039800,,9,3,4,0,0,2
36047035601,,0,0,0,0,0,0
36047034800,,26,6,13,1,2,4
36047035500,,6,1,4,0,0,1
36047036700,,2,1,1,0,0,0
36047036900,,15,1,10,0,0,4
36047037100,,6,0,3,0,0,3
36047038700,,10,2,6,0,0,2
36047037300,,11,2,8,0,0,1
36047037402,,8,3,4,0,0,1
36047037500,,15,3,9,0,0,3
36047037700,,9,1,7,0,0,1
36047037900,,9,0,8,0,0,1
36047038100,,11,0,5,0,1,5
36047039100,,7,3,3,0,0,1
36047041600,,1,0,1,0,0,0
36047038200,,3,0,3,0,0,0
36047038300,,6,0,5,0,0,1
36047038500,,5,0,5,0,0,0
36047038600,,17,3,8,0,0,6
36047038800,,6,1,4,0,0,1
36047038900,,22,3,11,1,0,7
36047039300,,12,1,6,0,2,3
36047039400,,15,7,3,0,1,4
36047039500,,9,0,7,0,0,2
36047039700,,9,0,6,0,0,3
36047039900,,8,0,7,0,0,1
36047040000,,12,7,4,0,0,1
36047043200,,12,3,5,0,0,4
36047040200,,12,6,3,0,0,3
36047040400,,7,2,3,0,1,1
36047040600,,2,0,2,0,0,0
36047040800,,9,4,4,0,1,0
36047041000,,0,0,0,0,0,0
36047041100,,7,0,5,0,0,2
36047041200,,8,4,3,0,0,1
36047041300,,9,0,6,0,1,2
36047041401,,5,1,4,0,0,0
36047041700,,8,1,6,0,0,1
36047041800,,10,4,6,0,0,0
36047041900,,5,0,4,0,0,1
36047042000,,8,2,4,0,1,1
36047042100,,18,3,9,0,1,5
36047042200,,7,3,4,0,0,0
36047042300,,21,8,5,1,2,5
36047042400,,11,2,3,0,2,4
36047042500,,16,6,6,0,1,3
36047042600,,21,5,11,0,1,4
36047042700,,46,9,18,0,2,17
36047042800,,8,2,5,0,0,1
36047042900,,34,8,14,0,1,11
36047043000,,8,1,6,0,1,0
36047043100,,16,2,13,0,1,0
36047043300,,17,5,7,0,0,5
36047043400,,2,1,1,0,0,0
36047043600,,14,5,8,1,0,0
36047043700,,15,1,7,0,2,5
36047043800,,4,1,2,0,1,0
36047043900,,22,4,10,0,3,5
36047044000,,6,0,3,0,0,3
36047044100,,19,3,12,0,2,2
36047044400,,1,0,1,0,0,0
36047044600,,4,0,3,0,0,1
36047044800,,3,0,2,0,0,1
36047045000,,2,0,1,0,0,1
36047045200,,0,0,0,0,0,0
36047049500,,39,15,14,0,0,10
36047045300,,29,8,4,3,3,11
36047045400,,3,1,2,0,0,0
36047045600,,5,1,2,0,1,1
36047045800,,0,0,0,0,0,0
36047046000,,1,0,1,0,0,0
36047046201,,2,1,1,0,0,0
36047046202,,5,3,1,0,0,1
36047046400,,2,0,2,0,0,0
36047046800,,2,1,1,0,0,0
36047047000,,0,0,0,0,0,0
36047047200,,3,1,2,0,0,0
36047047400,,2,0,2,0,0,0
36047047600,,7,1,4,2,0,0
36047047700,,8,2,3,0,0,3
36047047800,,7,2,5,0,0,0
36047048100,,10,1,4,0,3,2
36047048400,,13,3,7,0,1,2
36047048500,,27,8,5,2,4,8
36047048600,,8,3,5,0,0,0
36047048800,,6,1,5,0,0,0
36047048900,,1,0,1,0,0,0
36047058800,,8,4,1,1,1,1
36047049200,,9,3,5,0,0,1
36047049300,,32,8,13,0,2,9
36047050804,,0,0,0,0,0,0
36047049600,,16,2,9,0,0,5
36047049700,,32,16,10,2,1,3
36047049800,,2,0,1,0,0,1
36047051601,,7,2,4,0,0,1
36047049900,,5,0,1,2,0,2
36047050100,,19,8,7,0,0,4
36047050202,,6,3,3,0,0,0
36047050300,,27,13,8,0,2,4
36047051602,,7,2,4,0,0,1
36047050500,,16,4,8,0,0,4
36047050600,,13,1,7,0,0,5
36047050700,,3,0,1,1,1,0
36047050801,,5,0,5,0,0,0
36047050803,,6,0,5,0,0,1
36047051100,,14,4,4,0,2,4
36047051200,,2,0,0,0,0,2
36047051300,,48,27,12,0,4,5
36047051400,,10,1,7,0,0,2
36047051500,,14,6,1,2,3,2
36047051700,,28,17,7,0,1,3
36047051800,,8,1,4,0,1,2
36047051900,,60,37,7,2,4,10
36047052000,,20,5,12,0,1,2
36047052300,,54,28,13,0,4,9
36047052500,,17,4,10,0,0,3
36047052600,,16,7,5,0,1,3
36047052700,,32,6,17,1,2,6
36047052800,,0,0,0,0,0,0
36047052900,,4,3,0,0,1,0
36047053000,,2,0,2,0,0,0
36047053100,,1,0,1,0,0,0
36047053200,,6,0,5,0,0,1
36047056000,,0,0,0,0,0,0
36047053300,,1,0,1,0,0,0
36047053400,,7,1,5,0,1,0
36047059000,,3,0,1,1,0,1
36047053500,,0,0,0,0,0,0
36047053700,,3,2,0,0,0,1
36047053800,,11,1,6,0,1,3
36047053900,,0,0,0,0,0,0
36047054500,,1,1,0,0,0,0
36047054600,,1,0,1,0,0,0
36047054800,,0,0,0,0,0,0
36047055000,,8,2,6,0,0,0
36047055200,,12,2,6,0,2,2
36047055300,,75,44,16,0,5,10
36047055400,,13,7,5,0,0,1
36047055600,,1,1,0,0,0,0
36047055800,,0,0,0,0,0,0
36047056100,,21,8,8,0,4,1
36047056200,,0,0,0,0,0,0
36047057300,,7,1,5,0,0,1
36047057400,,4,1,3,0,0,0
36047056300,,23,10,9,0,2,2
36047056400,,5,2,2,0,0,1
36047056500,,46,18,13,1,5,9
36047056600,,7,1,4,0,0,2
36047056800,,6,1,4,0,0,1
36047056900,,28,18,5,0,1,4
36047059800,,2,0,2,0,0,0
36047059200,,6,1,4,0,0,1
36047057000,,11,5,4,1,0,1
36047057100,,28,5,18,0,1,4
36047057200,,3,0,2,0,1,0
36047057500,,34,11,12,0,5,6
36047057600,,9,1,3,1,0,4
36047059402,,8,0,6,0,1,1
36047059600,,8,3,3,0,1,1
36047060000,,18,7,6,2,1,2
36047060600,,18,4,11,0,1,2
36047061003,,4,0,2,0,0,2
36047057900,,13,4,5,4,0,0
36047058600,,7,1,4,1,0,1
36047059401,,13,7,3,0,0,3
36047075800,,2,0,2,0,0,0
36047060800,,40,27,3,0,2,8
36047061002,,0,0,0,0,0,0
36047061004,,18,4,10,0,1,3
36047061200,,0,0,0,0,0,0
36047062600,,2,0,2,0,0,0
36047063200,,2,1,1,0,0,0
36047063600,,0,0,0,0,0,0
36047063800,,0,0,0,0,0,0
36047064000,,3,2,1,0,0,0
36047064600,,0,0,0,0,0,0
36047064800,,3,0,2,0,0,1
36047065000,,9,7,2,0,0,0
36047065200,,10,5,2,0,0,3
36047065400,,1,0,1,0,0,0
36047065600,,4,1,2,0,0,1
36047065800,,4,1,3,0,0,0
36047066000,,0,0,0,0,0,0
36047066200,,8,1,7,0,0,0
36047074400,,0,0,0,0,0,0
36047067000,,2,0,2,0,0,0
36047067200,,8,1,5,1,0,1
36047067400,,5,2,2,0,0,1
36047067600,,4,1,3,0,0,0
36047067800,,1,0,1,0,0,0
36047068200,,5,0,3,1,0,1
36047068600,,1,0,1,0,0,0
36047068800,,8,3,2,0,0,3
36047069000,,4,4,0,0,0,0
36047069200,,0,0,0,0,0,0
36047069601,,3,0,3,0,0,0
36047072600,,2,0,0,0,1,1
36047084600,,11,1,6,0,0,4
36047072800,,4,0,3,0,1,0
36047073400,,1,0,0,0,0,1
36047069800,,11,5,3,0,0,3
36047073600,,10,2,5,0,0,3
36047073800,,6,0,3,0,0,3
36047074000,,6,0,3,0,0,3
36047074200,,4,1,1,0,1,1
36047074600,,5,1,4,0,0,0
36047072200,,11,1,6,0,0,4
36047072400,,1,0,1,0,0,0
36047069602,,5,2,2,0,0,1
36047070000,,1,0,1,0,0,0
36047072000,,6,2,4,0,0,0
36047078400,,2,0,1,0,0,1
36047076400,,0,0,0,0,0,0
36047076600,,0,0,0,0,0,0
36047076800,,5,1,4,0,0,0
36047077000,,5,1,2,0,0,2
36047077200,,2,1,1,0,0,0
36047081400,,6,0,4,1,0,1
36047077400,,7,1,4,0,1,1
36047077600,,6,1,4,0,0,1
36047078000,,3,0,2,0,0,1
36047078200,,0,0,0,0,0,0
36047078600,,13,1,8,0,0,4
36047079000,,11,2,6,0,1,2
36047079200,,8,5,3,0,0,0
36047079400,,12,4,4,0,1,3
36047079801,,9,2,6,0,0,1
36047079802,,9,4,5,0,0,0
36047080000,,6,2,4,0,0,0
36047080200,,7,1,5,0,0,1
36047080400,,5,1,3,0,0,1
36047080600,,5,1,2,0,1,1
36047080800,,1,1,0,0,0,0
36047081000,,5,0,3,0,0,2
36047081600,,6,4,2,0,0,0
36047081800,,8,2,4,0,0,2
36047082000,,15,0,12,0,0,3
36047082200,,5,0,4,0,1,0
36047082400,,11,1,8,0,0,2
36047082600,,20,4,11,0,0,5
36047082800,,17,2,10,0,2,3
36047083200,,2,0,1,0,0,1
36047083400,,3,0,3,0,0,0
36047083600,,8,3,2,1,1,1
36047083800,,3,0,3,0,0,0
36047084000,,7,3,4,0,0,0
36047084800,,6,1,3,0,0,2
36047085000,,1,1,0,0,0,0
36047088000,,8,1,5,0,0,2
36047085200,,0,0,0,0,0,0
36047085400,,1,0,1,0,0,0
36047085600,,9,0,5,0,0,4
36047085800,,6,3,1,0,0,2
36047086000,,11,2,9,0,0,0
36047086400,,4,1,0,1,1,1
36047086600,,6,1,4,0,0,1
36047086800,,17,1,12,0,1,3
36047087000,,2,1,0,0,0,1
36047087200,,5,0,3,0,0,2
36047087401,,3,1,1,0,0,1
36047101400,,0,0,0,0,0,0
36047087600,,1,0,1,0,0,0
36047087800,,4,0,1,0,1,2
36047088200,,9,1,4,0,0,4
36047088400,,9,1,6,0,0,2
36047088600,,8,1,4,0,0,3
36047088800,,9,1,6,0,0,2
36047089000,,15,1,10,0,0,4
36047089200,,9,0,9,0,0,0
36047089400,,13,2,6,0,1,4
36047089800,,2,0,1,0,0,1
36047100600,,2,0,2,0,0,0
36047090200,,2,0,2,0,0,0
36047090600,,18,0,13,0,1,4
36047093000,,2,0,2,0,0,0
36047090800,,19,1,14,0,0,4
36047091000,,6,0,5,0,0,1
36047091200,,1,0,1,0,0,0
36047091600,,13,1,7,0,0,5
36047101600,,0,0,0,0,0,0
36047091800,,3,0,3,0,0,0
36047092000,,3,0,3,0,0,0
36047092200,,3,0,3,0,0,0
36047092400,,10,0,7,0,0,3
36047092800,,1,0,1,0,0,0
36047095800,,1,0,1,0,0,0
36047093200,,1,1,0,0,0,0
36047093400,,1,0,1,0,0,0
36047093600,,2,0,2,0,0,0
36047093800,,3,0,1,0,0,2
36047094401,,4,3,0,0,1,0
36047101800,,1,0,1,0,0,0
36047094402,,0,0,0,0,0,0
36047094600,,5,1,2,0,1,1
36047095000,,5,1,2,0,0,2
36047095400,,3,0,3,0,0,0
36047095600,,6,1,5,0,0,0
36047096000,,4,0,3,1,0,0
36047096200,,4,1,2,1,0,0
36047096400,,2,1,1,0,0,0
36047096600,,4,0,3,0,0,1
36047096800,,6,0,6,0,0,0
36047097000,,2,0,2,0,0,0
36047100800,,2,0,1,0,0,1
36047098200,,2,0,2,0,0,0
36047098400,,2,0,2,0,0,0
36047098600,,1,0,1,0,0,0
36005040800,,6,0,5,0,1,0
36047098800,,1,0,1,0,0,0
36047099000,,7,1,2,0,0,4
36047099200,,0,0,0,0,0,0
36047099400,,1,0,0,0,0,1
36047099600,,0,0,0,0,0,0
36047099800,,1,1,0,0,0,0
36047100400,,0,0,0,0,0,0
36047101000,,5,0,4,0,0,1
36047101200,,3,0,1,0,0,2
36047102000,,0,0,0,0,0,0
36047102200,,3,0,3,0,0,0
36047102400,,1,0,1,0,0,0
36047102600,,0,0,0,0,0,0
36047107800,,1,0,0,0,0,1
36047112000,,12,1,7,0,1,3
36047117201,,9,3,6,0,0,0
36047110400,,23,0,16,2,2,3
36047112800,,8,0,4,0,1,3
36047110600,,1,0,1,0,0,0
36047112200,,7,0,4,0,0,3
36047112400,,5,0,4,0,0,1
36047111000,,0,0,0,0,0,0
36047114600,,17,2,10,0,1,4
36047111600,,7,0,4,3,0,0
36047111800,,5,0,4,0,0,1
36047113000,,5,0,5,0,0,0
36047113200,,3,0,3,0,0,0
36047113400,,5,0,4,0,0,1
36047114400,,16,3,7,0,0,6
36047115000,,7,0,5,0,0,2
36047115200,,9,0,6,0,0,3
36047115600,,11,0,8,0,2,1
36047115800,,5,0,4,0,0,1
36047116000,,3,0,2,0,0,1
36047116200,,1,0,1,0,0,0
36047116400,,13,0,9,0,0,4
36047116600,,5,2,3,0,0,0
36047116800,,9,0,6,0,0,3
36047117000,,12,4,4,0,0,4
36047117202,,2,0,2,0,0,0
36047117400,,22,6,11,0,1,4
36047117601,,14,4,6,0,0,4
36047118202,,5,0,5,0,0,0
36047118600,,3,0,2,0,1,0
36047118800,,13,1,9,0,0,3
36047119200,,8,1,4,0,1,2
36047119400,,10,0,7,0,0,3
36047119600,,23,0,13,0,0,10
36047119800,,19,6,10,1,0,2
36047120000,,5,1,2,0,0,2
36047120200,,2,1,0,0,0,1
36047120800,,7,0,6,0,0,1
36005003100,,7,1,3,0,0,3
36047121000,,0,0,0,0,0,0
36047123700,,13,3,6,0,1,3
36047150200,,5,1,2,0,0,2
36047152200,,18,6,5,0,2,5
36005012500,,10,0,6,0,1,3
36005024700,,0,0,0,0,0,0
36085008100,,11,5,4,1,0,1
36005005002,,15,3,8,0,0,4
36005001600,,6,1,5,0,0,0
36005002300,,1,0,1,0,0,0
36005002500,,30,7,15,0,1,7
36005002701,,6,0,3,0,1,2
36005002800,,5,0,3,0,0,2
36005012701,,5,1,3,0,0,1
36005003300,,11,1,8,0,0,2
36005003500,,9,1,8,0,0,0
36005003700,,1,0,1,0,0,0
36005003800,,0,0,0,0,0,0
36005022703,,4,1,3,0,0,0
36005003900,,21,4,13,0,1,3
36005004001,,0,0,0,0,0,0
36005004100,,11,0,6,0,1,4
36005004200,,10,2,5,0,0,3
36005007400,,0,0,0,0,0,0
36005004300,,19,2,13,0,1,3
36005004400,,8,0,6,0,0,2
36005004600,,7,0,4,0,1,2
36005004800,,13,1,8,0,0,4
36005005200,,5,2,2,0,0,1
36005005300,,4,0,3,0,0,1
36005005600,,8,2,5,0,0,1
36005005902,,7,1,4,0,1,1
36005006100,,3,1,2,0,0,0
36005006500,,24,7,11,0,1,5
36005006700,,32,6,18,0,2,6
36005006800,,9,0,7,0,0,2
36005006900,,16,0,11,0,0,5
36005007000,,24,6,9,0,2,7
36005007100,,7,2,2,1,2,0
36005007200,,14,2,9,0,0,3
36005007300,,10,0,8,0,0,2
36005007500,,9,0,6,0,0,3
36005007600,,14,3,8,0,1,2
36005007700,,4,1,3,0,0,0
36081015900,,17,5,8,1,2,1
36005007900,,17,2,11,0,3,1
36005008300,,32,8,14,2,1,7
36005008500,,16,2,13,0,0,1
36005008600,,0,0,0,0,0,0
36005008700,,14,2,9,1,0,2
36005008900,,14,1,8,0,0,5
36005012101,,10,2,4,0,0,4
36005012102,,11,2,4,1,1,3
36005012901,,24,4,13,0,3,4
36005013000,,5,3,1,0,1,0
36005013100,,3,0,2,0,0,1
36005014500,,8,0,3,0,1,4
36005022800,,6,0,4,0,0,2
36005014300,,2,1,0,1,0,0
36005014701,,2,0,2,0,0,0
36005014702,,2,0,1,0,0,1
36005014900,,15,0,9,0,1,5
36005015100,,17,1,7,0,2,7
36005015500,,4,0,3,0,1,0
36005017500,,13,0,10,0,1,2
36081011500,,42,21,11,0,4,6
36005013200,,9,5,3,0,0,1
36005013300,,6,0,6,0,0,0
36005013500,,6,0,4,0,0,2
36085990100,,0,0,0,0,0,0
36005013800,,2,0,2,0,0,0
36005037100,,8,0,7,0,0,1
36005015700,,8,1,5,1,1,0
36005015800,,11,4,1,1,2,3
36005016000,,10,7,2,0,0,1
36005016200,,4,3,0,0,0,1
36005016900,,4,0,4,0,0,0
36081001600,,4,0,3,0,0,1
36005017100,,0,0,0,0,0,0
36005017300,,11,0,8,0,1,2
36005019900,,21,0,15,0,0,6
36005016700,,3,1,1,0,0,1
36005033000,,25,2,13,0,1,9
36005016300,,0,0,0,0,0,0
36005016400,,4,2,2,0,0,0
36005016600,,6,3,2,0,0,1
36005017702,,16,1,12,0,2,1
36005017901,,13,2,7,0,0,4
36005017902,,6,1,5,0,0,0
36005018101,,8,1,7,0,0,0
36005018102,,10,1,6,0,1,2
36005018301,,3,0,3,0,0,0
36005018302,,3,1,1,0,0,1
36005018400,,11,3,6,0,0,2
36005023200,,2,0,2,0,0,0
36005018500,,20,2,11,1,3,3
36005019500,,18,5,11,1,0,1
36005023900,,34,10,16,0,1,7
36005020000,,26,8,14,0,0,4
36005020200,,3,1,2,0,0,0
36005020400,,9,2,6,0,0,1
36005020502,,2,0,1,0,0,1
36005020601,,6,3,3,0,0,0
36005020900,,6,2,4,0,0,0
36005040303,,5,1,4,0,0,0
36005021001,,4,0,4,0,0,0
36005039902,,16,3,9,0,1,3
36005021501,,7,1,6,0,0,0
36005021601,,6,0,5,0,1,0
36005023704,,15,2,10,0,0,3
36005036400,,10,3,4,0,1,2
36005021602,,14,4,8,0,0,2
36005022101,,17,5,6,1,0,5
36005022102,,18,2,11,0,0,5
36005022300,,10,3,7,0,0,0
36005022401,,6,1,4,0,0,1
36005022403,,3,0,3,0,0,0
36005036501,,11,2,8,0,0,1
36005022500,,16,2,11,0,0,3
36005023000,,6,1,4,0,1,0
36005023600,,8,0,5,0,0,3
36005023702,,5,1,4,0,0,0
36005023703,,18,1,8,0,1,8
36005023800,,13,3,3,1,0,6
36005024000,,9,2,5,0,1,1
36005024100,,19,1,12,3,0,3
36005025100,,11,1,7,0,0,3
36005025200,,10,5,5,0,0,0
36005025300,,12,1,10,0,0,1
36005025400,,4,2,1,0,0,1
36005036800,,2,1,1,0,0,0
36005024300,,13,3,10,0,0,0
36005024400,,4,1,2,0,1,0
36005024501,,8,1,6,0,0,1
36005024502,,7,1,4,0,0,2
36005024600,,1,1,0,0,0,0
36005024800,,6,3,3,0,0,0
36005024900,,0,0,0,0,0,0
36005025000,,1,0,0,0,0,1
36005035000,,4,1,3,0,0,0
36005025500,,7,3,4,0,0,0
36005025600,,7,1,1,0,0,5
36005036502,,7,2,3,0,0,2
36005026100,,2,1,1,0,0,0
36005026300,,8,0,6,0,0,2
36005026400,,10,2,5,0,1,2
36005026500,,14,4,7,0,1,2
36005026701,,13,2,8,0,0,3
36005036000,,3,1,2,0,0,0
36005027401,,2,0,1,0,0,1
36005027700,,13,3,8,0,0,2
36081002600,,15,4,4,0,2,5
36005033201,,6,1,4,0,0,1
36005028400,,5,2,2,0,0,1
36005028600,,2,1,1,0,0,0
36005028700,,1,0,1,0,0,0
36005028800,,11,4,5,0,1,1
36005029500,,25,11,6,0,1,7
36005029600,,10,4,4,0,0,2
36005032400,,5,0,4,0,0,1
36005029700,,5,3,2,0,0,0
36005030000,,14,4,8,0,0,2
36005030100,,0,0,0,0,0,0
36005031400,,0,0,0,0,0,0
36005030701,,0,0,0,0,0,0
36005031600,,0,0,0,0,0,0
36005031800,,0,0,0,0,0,0
36005032600,,8,1,6,0,0,1
36005030900,,1,1,0,0,0,0
36005031200,,6,1,5,0,0,0
36005033600,,13,3,8,0,0,2
36005033800,,9,2,5,0,0,2
36005034200,,4,1,2,0,0,1
36005034300,,4,1,1,0,0,2
36005034400,,4,1,2,0,0,1
36005034800,,9,2,5,0,0,2
36005037000,,4,0,4,0,0,0
36005037200,,2,0,2,0,0,0
36005037300,,8,0,5,0,0,3
36005037400,,9,1,4,0,2,2
36005037504,,13,0,11,0,0,2
36005040100,,7,2,5,0,0,0
36005037900,,12,2,7,0,0,3
36005038100,,14,2,9,0,0,3
36005038200,,3,0,3,0,0,0
36005038301,,10,2,6,0,0,2
36005038302,,12,2,7,0,1,2
36005038500,,16,2,10,0,0,4
36005038600,,13,1,9,0,1,2
36005038700,,12,2,7,1,1,1
36005038800,,1,0,0,0,0,1
36005039100,,58,31,14,0,3,10
36005039400,,11,4,5,0,0,2
36005039600,,6,1,4,0,0,1
36005039800,,2,0,2,0,0,0
36005040304,,11,2,6,0,0,3
36005040400,,8,0,5,0,1,2
36005040501,,8,0,6,0,0,2
36005040502,,14,2,8,0,0,4
36005040600,,2,1,1,0,0,0
36005040701,,4,1,3,0,0,0
36005040702,,18,2,11,0,2,3
36005041100,,13,3,5,0,1,4
36005041300,,12,0,8,0,2,2
36005041500,,7,1,5,0,0,1
36005039300,,12,0,9,0,0,3
36005042400,,7,1,4,0,1,1
36081009700,,10,5,3,0,0,2
36005041900,,11,1,7,0,0,3
36005042000,,10,0,8,0,0,2
36005042100,,9,2,7,0,0,0
36005042200,,3,1,1,0,0,1
36005042300,,7,1,5,0,0,1
36005042500,,21,6,12,0,0,3
36005044400,,4,1,0,0,0,3
36005015300,,6,0,6,0,0,0
36005042600,,5,0,5,0,0,0
36005042800,,2,0,2,0,0,0
36005042901,,0,0,0,0,0,0
36005042902,,13,3,5,0,0,5
36005043000,,2,0,2,0,0,0
36005043100,,20,1,15,0,0,4
36005043400,,8,4,2,0,0,2
36005043600,,1,0,1,0,0,0
36081002800,,7,1,5,0,0,1
36005044200,,7,2,4,0,1,0
36081016100,,16,5,5,0,1,5
36005044800,,0,0,0,0,0,0
36005045101,,7,3,3,0,0,1
36081001400,,6,2,2,0,0,2
36081003100,,14,7,4,0,1,2
36005045800,,1,0,1,0,0,0
36085020801,,15,7,6,0,0,2
36081000200,,7,1,4,0,0,2
36085017010,,6,2,3,0,1,0
36005027300,,11,0,7,0,0,4
36081002200,,7,2,3,0,1,1
36081002400,,3,1,2,0,0,0
36085009700,,6,3,3,0,0,0
36081007500,,8,4,2,0,1,1
36085020700,,33,12,13,1,2,5
36085000700,,11,1,5,0,0,5
36085008900,,0,0,0,0,0,0
36081000600,,11,2,5,0,0,4
36081000800,,6,0,5,0,0,1
36081001000,,10,1,5,0,0,4
36085022300,,5,0,4,1,0,0
36085031902,,0,0,0,0,0,0
36081000400,,9,3,5,0,0,1
36081001200,,12,5,6,0,1,0
36081003300,,25,4,10,1,1,9
36081003400,,10,3,5,0,1,1
36081003600,,2,0,1,0,0,1
36081003800,,6,2,2,0,0,2
36081003900,,4,0,3,1,0,0
36081011300,,25,11,7,0,2,5
36081004001,,11,1,7,0,0,3
36081004002,,9,1,5,0,0,3
36081004200,,7,1,4,0,0,2
36081004300,,1,0,1,0,0,0
36081004401,,5,1,3,0,0,1
36081005000,,0,0,0,0,0,0
36081005100,,15,5,6,1,0,3
36081005200,,2,0,2,0,0,0
36081007700,,11,2,7,0,0,2
36081007900,,10,4,3,0,0,3
36081005400,,10,2,8,0,0,0
36081005700,,32,18,9,0,0,5
36081005800,,11,2,4,1,1,3
36081005900,,35,17,8,0,1,9
36081030903,,19,9,8,0,0,2
36081009600,,11,3,4,0,0,4
36081006201,,2,1,1,0,0,0
36081006300,,35,17,13,0,1,4
36081006501,,13,6,4,0,1,2
36081006502,,19,10,4,1,0,4
36081006900,,23,9,6,0,0,8
36081007100,,27,9,11,1,2,4
36081007300,,4,1,2,0,0,1
36081008100,,1,0,1,0,0,0
36081078800,,9,0,7,0,0,2
36081026901,,51,22,12,1,2,14
36081008300,,15,5,6,1,0,3
36081008500,,10,2,2,2,0,4
36081008600,,11,2,7,0,1,1
36081008800,,5,1,3,0,0,1
36081009100,,0,0,0,0,0,0
36081009400,,11,3,5,0,0,3
36081009500,,1,0,1,0,0,0
36081009800,,11,6,3,0,0,2
36081010000,,9,3,1,0,2,3
36081010100,,8,5,2,0,1,0
36081010200,,7,2,2,1,1,1
36081010300,,7,3,3,0,0,1
36081010400,,7,2,3,0,0,2
36081028500,,18,11,3,0,0,4
36081010500,,2,0,2,0,0,0
36081010600,,9,3,5,0,1,0
36081010800,,3,0,3,0,0,0
36081011000,,13,4,4,0,1,4
36081011100,,4,2,1,0,0,1
36081011200,,5,0,4,1,0,0
36081011600,,4,1,1,0,0,2
36081011700,,18,10,4,1,1,2
36081011800,,4,1,2,0,0,1
36081011900,,8,3,4,0,0,1
36081012000,,7,1,5,0,0,1
36081012100,,5,3,1,0,0,1
36081012200,,14,6,5,0,0,3
36081012301,,24,7,3,5,1,8
36081012400,,7,1,3,0,1,2
36081015700,,24,14,6,1,2,1
36081012500,,6,3,2,0,1,0
36081012601,,10,2,4,0,1,3
36081012602,,6,1,4,0,0,1
36081012800,,5,0,4,0,0,1
36081013000,,5,1,3,0,0,1
36081014700,,20,8,8,0,2,2
36081015802,,21,6,11,0,2,2
36081013200,,13,2,5,0,1,5
36081013400,,4,1,2,0,0,1
36081013500,,1,1,0,0,0,0
36081013600,,5,3,2,0,0,0
36081015801,,15,7,5,0,1,2
36081013700,,9,2,4,0,2,1
36081014000,,8,3,4,0,1,0
36081014201,,17,5,7,1,2,2
36081014300,,16,10,3,0,0,3
36081014400,,8,3,2,0,0,3
36081014500,,3,2,1,0,0,0
36081014800,,3,1,2,0,0,0
36081014900,,10,2,7,0,1,0
36081015000,,0,0,0,0,0,0
36081015100,,12,3,3,0,0,6
36081015300,,16,7,5,0,2,2
36081015400,,6,0,2,0,1,3
36081015500,,24,15,5,0,1,3
36081015600,,15,4,8,0,0,3
36081018200,,3,0,2,0,0,1
36081016300,,4,1,2,0,0,1
36081016400,,0,0,0,0,0,0
36081016600,,8,5,2,0,0,1
36081016800,,3,0,1,0,0,2
36081018102,,15,7,5,0,0,3
36081016900,,16,5,6,0,0,5
36081017200,,4,0,4,0,0,0
36081017800,,1,1,0,0,0,0
36081017900,,18,9,7,0,0,2
36081018000,,4,2,1,0,0,1
36081018101,,16,7,8,0,0,1
36081018300,,34,15,14,0,1,4
36081018401,,1,0,1,0,0,0
36081018402,,4,0,3,0,0,1
36081018501,,12,2,6,1,0,3
36081018502,,17,7,3,0,1,6
36081018600,,1,0,1,0,0,0
36081018900,,6,1,3,0,1,1
36081019000,,6,1,3,0,0,2
36081019600,,9,0,5,0,0,4
36081019800,,5,1,3,0,0,1
36081020200,,1,1,0,0,0,0
36081020600,,5,1,4,0,0,0
36081023500,,30,10,11,0,6,3
36081021200,,18,7,9,0,1,1
36081023000,,5,2,2,0,1,0
36081023200,,0,0,0,0,0,0
36081046100,,23,8,11,0,1,3
36081023600,,5,1,3,0,1,0
36081023800,,18,8,9,0,1,0
36081024000,,18,4,10,0,0,4
36081026600,,3,0,3,0,0,0
36081033900,,9,3,5,0,0,1
36081024700,,4,1,3,0,0,0
36081026200,,2,0,2,0,0,0
36081024300,,9,2,5,0,0,2
36081024500,,1,0,1,0,0,0
36081024600,,0,0,0,0,0,0
36081024900,,13,6,6,0,1,0
36081025100,,15,6,5,0,1,3
36081025301,,23,10,7,0,1,5
36081025302,,13,6,7,0,0,0
36081026000,,5,1,4,0,0,0
36081027400,,0,0,0,0,0,0
36081025400,,18,0,12,1,2,3
36081025500,,3,0,2,0,0,1
36081025700,,5,2,0,0,0,3
36081025900,,18,9,8,0,0,1
36081026100,,39,15,17,0,0,7
36081026300,,27,16,6,0,1,4
36081026400,,3,1,2,0,0,0
36081027000,,9,1,3,0,1,4
36081027100,,14,2,6,0,1,5
36081027200,,4,0,4,0,0,0
36081027300,,34,11,13,0,2,8
36081027500,,23,7,10,1,2,3
36081027700,,22,5,11,0,2,4
36081027900,,18,8,8,0,0,2
36081028000,,1,0,1,0,0,0
36081028100,,14,9,3,0,0,2
36081028200,,5,1,4,0,0,0
36081040000,,1,0,1,0,0,0
36081028700,,16,6,7,0,0,3
36081028900,,21,10,8,0,0,3
36081029100,,9,6,0,0,0,3
36081029300,,6,0,3,2,0,1
36081029400,,18,2,11,2,2,1
36081029500,,16,3,7,0,1,5
36081036500,,16,1,7,0,4,4
36081033401,,4,2,1,0,0,1
36081030902,,4,0,2,0,1,1
36081040100,,19,4,11,0,0,4
36081030904,,3,1,1,1,0,0
36081031700,,9,4,4,0,0,1
36081039400,,7,0,6,0,0,1
36081033000,,6,0,4,0,0,2
36081033700,,14,10,0,0,1,3
36081036800,,5,0,3,0,0,2
36081034700,,14,6,3,1,0,4
36081035100,,10,4,3,0,0,3
36081028800,,8,0,4,0,1,3
36081095400,,8,0,6,0,0,2
36081035200,,4,1,3,0,0,0
36081035300,,10,4,3,0,2,1
36081035700,,8,5,1,0,1,1
36081036100,,8,1,5,0,0,2
36081036300,,6,3,2,0,0,1
36081036600,,9,2,5,0,0,2
36081036700,,2,0,2,0,0,0
36081037100,,0,0,0,0,0,0
36081037500,,26,13,8,1,1,3
36081039800,,3,1,2,0,0,0
36081039900,,14,8,5,0,0,1
36081037600,,3,0,2,0,1,0
36081037700,,12,3,7,0,0,2
36081037900,,16,5,6,0,4,1
36081038100,,13,3,6,1,0,3
36081038400,,0,0,0,0,0,0
36081040200,,1,0,1,0,0,0
36081040300,,25,10,10,0,0,5
36081040400,,5,0,3,0,0,2
36081040500,,62,24,21,0,2,15
36081040700,,22,10,9,0,0,3
36081040900,,15,6,7,1,1,0
36081041100,,9,2,6,0,0,1
36081052600,,5,2,3,0,0,0
36081041300,,12,5,5,0,1,1
36081041500,,7,0,5,1,1,0
36081052800,,3,1,2,0,0,0
36081042400,,3,1,1,1,0,0
36081042700,,8,2,4,0,2,0
36081043400,,0,0,0,0,0,0
36081043701,,4,0,3,0,0,1
36081043702,,5,2,2,0,0,1
36081043900,,19,3,9,3,1,3
36081044000,,8,1,5,0,0,2
36081044301,,6,0,4,1,0,1
36081044302,,11,0,8,2,1,0
36081044602,,12,0,9,0,0,3
36081044800,,3,0,0,0,0,3
36081045900,,1,0,1,0,0,0
36081045000,,6,0,4,0,0,2
36081045200,,2,1,0,1,0,0
36081045400,,7,1,3,0,0,3
36081045500,,10,1,6,0,1,2
36081046500,,22,5,10,0,3,4
36081046000,,13,4,7,0,0,2
36081045600,,1,1,0,0,0,0
36081045700,,0,0,0,0,0,0
36081045800,,2,1,1,0,0,0
36081046200,,16,4,11,0,0,1
36081046300,,13,3,5,0,2,3
36081046700,,5,0,3,0,0,2
36081046800,,15,6,4,0,1,4
36081046900,,15,4,8,0,1,2
36081047100,,13,2,4,0,2,5
36081047200,,3,0,2,0,0,1
36081047300,,12,3,4,0,2,3
36081047500,,13,5,6,0,0,2
36081048500,,19,8,7,0,0,4
36081052500,,5,1,2,2,0,0
36081052100,,11,2,5,0,1,3
36081055500,,12,4,8,0,0,0
36081047800,,9,0,7,0,0,2
36081047900,,21,6,6,0,4,5
36081048100,,11,3,6,0,0,2
36081048200,,7,0,5,0,1,1
36081048300,,11,3,4,0,1,3
36081049600,,5,1,3,0,0,1
36081048400,,10,3,3,0,1,3
36081058500,,20,6,11,0,0,3
36081048900,,8,3,2,1,0,2
36081049200,,6,2,2,0,0,2
36081049301,,1,0,1,0,0,0
36081049302,,27,8,11,1,1,6
36081049500,,0,0,0,0,0,0
36081050800,,5,0,4,0,1,0
36081049700,,3,1,2,0,0,0
36081052200,,0,0,0,0,0,0
36081049900,,6,1,4,1,0,0
36081050201,,0,0,0,0,0,0
36081050202,,0,0,0,0,0,0
36081050400,,1,0,1,0,0,0
36081050500,,1,1,0,0,0,0
36081050600,,1,0,1,0,0,0
36081050700,,4,1,2,0,0,1
36081051000,,1,0,1,0,0,0
36081052400,,2,0,1,0,0,1
36081053000,,4,0,4,0,0,0
36081051100,,5,2,1,0,1,1
36081051200,,8,0,6,0,0,2
36081051300,,1,0,1,0,0,0
36081053601,,0,0,0,0,0,0
36081051500,,10,3,3,0,0,4
36081051600,,1,0,1,0,0,0
36081051700,,14,4,9,0,1,0
36081051800,,0,0,0,0,0,0
36081052000,,5,2,2,0,0,1
36081053100,,9,1,6,0,0,2
36081053200,,4,1,2,0,0,1
36081053401,,7,0,4,0,0,3
36081053500,,7,1,4,2,0,0
36081053800,,2,1,1,0,0,0
36081055600,,0,0,0,0,0,0
36081054000,,4,0,4,0,0,0
36081054200,,11,3,7,0,0,1
36081054500,,12,2,6,1,0,3
36081054700,,17,3,10,0,0,4
36081054800,,2,0,2,0,0,0
36081054900,,33,10,17,0,2,4
36081055100,,23,4,13,0,0,6
36081055200,,11,1,7,0,3,0
36081055300,,8,2,4,1,0,1
36081055400,,5,0,3,0,0,2
36081055800,,3,0,1,0,0,2
36081056000,,0,0,0,0,0,0
36081056200,,0,0,0,0,0,0
36081056500,,0,0,0,0,0,0
36081056600,,8,2,5,0,0,1
36081057700,,18,4,8,0,0,6
36081057900,,0,0,0,0,0,0
36081058100,,5,2,3,0,0,0
36081058200,,5,0,4,0,0,1
36081058300,,11,4,4,0,1,2
36081058700,,10,3,6,0,0,1
36081058900,,17,7,6,0,0,4
36081059000,,1,0,0,0,0,1
36081059100,,15,1,9,0,0,5
36081059200,,0,0,0,0,0,0
36081059300,,17,4,8,0,3,2
36081059400,,0,0,0,0,0,0
36081059500,,16,2,12,0,0,2
36081059600,,3,0,3,0,0,0
36081059800,,3,0,2,0,0,1
36081059900,,4,1,2,1,0,0
36081060000,,3,1,1,0,0,1
36081060100,,11,4,4,0,0,3
36081060300,,7,3,2,0,1,1
36081060600,,2,1,0,0,0,1
36081061302,,0,0,0,0,0,0
36081060701,,0,0,0,0,0,0
36081060800,,4,0,4,0,0,0
36081061000,,0,0,0,0,0,0
36081061200,,0,0,0,0,0,0
36081061301,,30,7,14,1,2,6
36081061400,,0,0,0,0,0,0
36081061601,,0,0,0,0,0,0
36081061800,,3,0,2,0,1,0
36081061900,,10,2,6,0,1,1
36081062000,,0,0,0,0,0,0
36081062100,,7,1,2,0,1,3
36081062200,,2,0,2,0,0,0
36081062300,,1,1,0,0,0,0
36081062400,,0,0,0,0,0,0
36081062500,,6,0,5,0,0,1
36081062700,,6,0,5,0,0,1
36081072900,,6,4,2,0,0,0
36081062900,,23,7,10,0,0,6
36081063000,,2,0,1,0,1,0
36081063200,,16,4,8,0,1,3
36081063301,,2,0,1,1,0,0
36081063302,,2,1,0,0,0,1
36081063500,,5,0,3,0,0,2
36081063700,,15,7,6,0,0,2
36081063900,,5,2,2,0,0,1
36081064101,,0,0,0,0,0,0
36081065900,,0,0,0,0,0,0
36081066000,,0,0,0,0,0,0
36081066300,,1,0,1,0,0,0
36081064102,,2,1,1,0,0,0
36081064500,,13,8,3,0,0,2
36081064600,,0,0,0,0,0,0
36081065000,,0,0,0,0,0,0
36081066100,,0,0,0,0,0,0
36081068700,,8,1,5,0,1,1
36081086100,,1,0,0,0,0,1
36081065400,,11,2,9,0,0,0
36081065501,,4,3,0,1,0,0
36081066900,,2,0,2,0,0,0
36081065600,,3,0,3,0,0,0
36081065702,,6,2,2,0,0,2
36081065703,,3,0,1,0,0,2
36081069300,,26,6,13,0,1,6
36081066501,,3,2,1,0,0,0
36081066701,,3,0,3,0,0,0
36081067100,,5,1,3,0,0,1
36081067700,,5,2,3,0,0,0
36081072100,,3,1,1,0,0,1
36081067900,,19,9,9,0,0,1
36081068000,,4,0,3,0,1,0
36081068300,,4,2,2,0,0,0
36081069000,,2,0,1,0,0,1
36081069400,,1,0,1,0,0,0
36081069500,,6,3,1,0,0,2
36081069701,,5,2,3,0,0,0
36081069702,,5,1,4,0,0,0
36081070300,,2,1,1,0,0,0
36081070700,,5,3,2,0,0,0
36081070900,,6,1,4,0,0,1
36081071100,,37,22,3,0,4,8
36081097204,,3,0,3,0,0,0
36081071304,,6,2,3,0,1,0
36081071306,,10,4,4,0,0,2
36081071701,,18,5,9,0,0,4
36081071702,,5,3,1,0,0,1
36081071900,,1,0,1,0,0,0
36081086300,,0,0,0,0,0,0
36081072300,,3,2,1,0,0,0
36081073100,,11,8,1,0,0,2
36005036901,,11,2,5,0,0,4
36081073700,,23,12,9,0,0,2
36081077904,,14,4,9,0,0,1
36081073900,,1,0,1,0,0,0
36081074100,,0,0,0,0,0,0
36081074300,,19,5,10,0,2,2
36081074900,,0,0,0,0,0,0
36047048000,,3,1,1,0,0,1
36081075701,,8,4,2,0,0,2
36081077908,,0,0,0,0,0,0
36081076901,,20,11,7,0,1,1
36081076902,,12,5,5,0,0,2
36005036902,,4,0,3,0,0,1
36047039000,,3,0,3,0,0,0
36081077300,,2,0,1,0,1,0
36081077500,,13,4,6,0,1,2
36081077903,,4,0,2,0,0,2
36081085900,,8,2,4,0,0,2
36081077906,,7,1,5,0,0,1
36081079000,,6,0,4,0,0,2
36081079702,,10,8,1,0,1,0
36081079900,,7,4,3,0,0,0
36081080302,,0,0,0,0,0,0
36081081400,,5,1,3,0,0,1
36081081800,,7,0,6,0,0,1
36081083800,,10,2,7,0,0,1
36081084000,,23,5,9,0,1,8
36081084500,,6,3,1,0,0,2
36081084601,,0,0,0,0,0,0
36081084900,,26,9,6,0,2,9
36081085300,,37,16,12,0,3,6
36081085700,,7,1,4,0,0,2
36081086400,,8,4,3,0,0,1
36081086500,,10,4,5,0,0,1
36081086900,,68,45,7,0,1,15
36047073200,,2,0,2,0,0,0
36081116700,,44,28,2,0,3,11
36081112300,,38,25,6,0,0,7
36081087100,,86,57,9,0,5,15
36081088901,,21,10,5,0,0,6
36081091601,,13,5,5,0,0,3
36081091602,,2,0,0,0,0,2
36081091800,,0,0,0,0,0,0
36081102900,,4,1,2,0,0,1
36081092200,,0,0,0,0,0,0
36081092500,,23,8,11,0,2,2
36081108500,,6,2,3,0,0,1
36081099701,,4,3,1,0,0,0
36081092800,,0,0,0,0,0,0
36081093402,,9,3,5,0,0,1
36081099801,,8,1,7,0,0,0
36081115900,,3,1,2,0,0,0
36081093800,,26,9,14,0,0,3
36081101700,,15,7,3,0,2,3
36081093900,,4,2,1,0,0,1
36081094700,,5,1,1,2,0,1
36081099802,,5,0,1,0,1,3
36081116100,,6,4,0,0,0,2
36081104700,,11,5,5,0,0,1
36081105900,,0,0,0,0,0,0
36081103202,,14,3,5,1,0,5
36081103300,,3,1,2,0,0,0
36081119100,,5,3,2,0,0,0
36081101001,,12,2,7,0,0,3
36081103900,,5,3,2,0,0,0
36047031300,,0,0,0,0,0,0
36081103201,,7,0,6,0,0,1
36081113900,,5,2,2,0,0,1
36081114100,,5,2,3,0,0,0
36081114700,,1,0,1,0,0,0
36081115100,,0,0,0,0,0,0
36081115500,,10,8,1,0,0,1
36081115700,,12,6,4,0,0,2
36081116300,,15,7,5,0,2,1
36081117500,,16,9,3,1,1,2
36081118100,,11,5,2,0,1,3
36081118500,,6,3,0,0,0,3
36081118700,,0,0,0,0,0,0
36081118900,,5,0,3,0,0,2
36081119300,,3,2,1,0,0,0
36081119500,,0,0,0,0,0,0
36081119900,,2,1,1,0,0,0
36081120100,,2,1,1,0,0,0
36081120300,,0,0,0,0,0,0
36081120500,,7,3,3,0,0,1
36081018800,,0,0,0,0,0,0
36081120700,,5,2,3,0,0,0
36081121500,,7,1,3,0,1,2
36081122701,,10,4,6,0,0,0
36081122702,,10,3,5,1,1,0
36081124100,,5,0,3,0,1,1
36047049400,,3,2,1,0,0,0
36081124700,,0,0,0,0,0,0
36081125700,,3,0,2,0,1,0
36081126500,,4,1,3,0,0,0
36081126700,,4,2,2,0,0,0
36081127700,,8,2,2,1,1,2
36081136700,,9,5,3,0,0,1
36081129102,,5,1,1,0,1,2
36081129104,,5,3,2,0,0,0
36081130100,,6,3,3,0,0,0
36081133300,,11,7,2,0,0,2
36081133900,,9,7,2,0,0,0
36081134700,,8,2,5,0,0,1
36081137700,,9,4,5,0,0,0
36081140300,,1,0,1,0,0,0
36081026700,,40,19,10,0,4,7
36081138501,,0,0,0,0,0,0
36081055900,,3,0,1,1,0,1
36081140901,,0,0,0,0,0,0
36081140902,,4,1,3,0,0,0
36005002702,,21,3,11,0,2,5
36081142900,,10,7,1,0,0,2
36081155101,,4,3,1,0,0,0
36081145101,,4,3,0,0,0,1
36081145102,,3,1,0,0,0,2
36081145900,,8,4,3,0,0,1
36081146300,,5,2,2,0,0,1
36081157902,,8,2,3,0,1,2
36081146700,,19,10,3,0,2,4
36081148300,,3,0,3,0,0,0
36081150702,,16,9,3,1,1,2
36081152902,,10,3,4,0,0,3
36081157101,,5,4,1,0,0,0
36081157102,,3,0,2,0,0,1
36081157901,,4,2,2,0,0,0
36061017900,,31,15,9,0,0,7
36081157903,,5,1,1,3,0,0
36005005400,,13,3,6,0,0,4
36081161700,,9,4,4,0,0,1
36061008603,,11,6,3,0,1,1
36005023301,,7,1,5,0,0,1
36081162100,,9,5,2,1,0,1
36081001800,,9,1,6,0,0,2
36081002000,,3,2,1,0,0,0
36081000700,,65,39,12,3,3,8
36081025800,,7,0,6,0,0,1
36081020400,,9,1,3,3,0,2
36061022500,,17,3,8,0,2,4
36081003000,,3,0,2,0,0,1
36081003200,,3,1,2,0,0,0
36085011202,,21,6,6,1,2,6
36005032300,,3,1,2,0,0,0
36081155102,,12,6,5,0,0,1
36061023700,,16,4,10,0,0,2
36081156700,,0,0,0,0,0,0
36081021400,,21,7,7,0,2,5
36047048200,,5,1,2,0,1,1
36047040300,,12,0,6,0,1,5
36081022002,,9,1,3,0,1,4
36061023300,,17,3,10,0,0,4
36005039901,,9,2,5,0,1,1
36005030200,,3,0,3,0,0,0
36047031500,,12,1,7,0,1,3
36047016400,,2,0,2,0,0,0
36061025500,,2,0,1,0,0,1
36047015400,,0,0,0,0,0,0
36085017600,,7,4,2,0,0,1
36005009200,,29,11,10,0,0,8
36081112900,,4,0,2,1,0,1
36081113300,,2,0,2,0,0,0
36005033500,,3,1,1,0,0,1
36061030900,,13,1,9,0,0,3
36005007800,,13,2,8,0,0,3
36081026500,,20,6,6,0,0,8
36085011201,,12,5,6,0,0,1
36047003900,,19,10,5,0,2,2
36085007000,,22,9,7,0,1,5
36005016100,,13,0,8,1,0,4
36005033700,,14,4,3,0,0,7
36005034500,,9,5,1,0,0,3
36081147100,,15,7,2,0,0,6
36005035100,,6,4,1,0,0,1
36005035900,,8,1,5,0,0,2
36005045600,,5,1,1,2,1,0
36005039000,,7,0,4,0,0,3
36005038900,,34,13,11,0,1,9
36005039700,,13,7,4,0,0,2
36005022200,,15,7,5,0,1,2
36005022902,,12,1,10,0,0,1
36047073000,,2,1,1,0,0,0
36005040302,,4,0,3,0,0,1
36081107201,,9,4,2,0,2,1
36081044400,,17,5,5,0,1,6
36081047000,,18,5,5,0,3,5
36005039500,,13,5,5,0,1,2
36005023501,,6,1,4,0,0,1
36005016500,,5,2,3,0,0,0
36005023100,,14,4,5,0,3,2
36005022901,,6,1,4,0,0,1
36005026602,,22,11,7,0,0,4
36005036300,,20,1,11,0,1,7
36005026702,,0,0,0,0,0,0
36005028100,,2,2,0,0,0,0
36081056400,,6,2,2,0,0,2
36047012901,,18,14,3,0,1,0
36081050000,,7,2,4,0,0,1
36081079200,,4,3,1,0,0,0
36081080301,,8,2,3,0,1,2
36005040900,,4,2,2,0,0,0
36081048000,,11,3,6,0,0,2
36081083700,,5,1,2,0,0,2
36005021100,,14,6,6,0,0,2
36005021302,,9,2,6,0,0,1
36005025700,,2,0,2,0,0,0
36005026900,,5,2,3,0,0,0
36081091900,,11,5,4,1,0,1
36047040500,,4,0,4,0,0,0
36081019200,,2,0,1,0,0,1
36081097300,,2,2,0,0,0,0
36005006000,,1,1,0,0,0,0
36005022701,,10,2,6,0,0,2
36081017000,,0,0,0,0,0,0
36081032000,,5,0,2,0,0,3
36005021700,,12,2,4,0,0,6
36005022702,,9,2,5,0,0,2
36005023302,,6,0,5,0,1,0
36005028300,,24,12,9,0,0,3
36005011000,,0,0,0,0,0,0
36005006400,,1,0,1,0,0,0
36005015200,,15,3,6,0,1,5
36005027900,,7,1,4,0,2,0
36047005601,,8,4,2,0,0,2
36005023502,,16,2,10,0,1,3
36081017600,,0,0,0,0,0,0
36085000800,,14,5,8,0,0,1
36085002001,,1,1,0,0,0,0
36047050000,,4,1,3,0,0,0
36005028500,,12,5,5,0,0,2
36005028900,,21,6,8,0,1,6
36081017400,,1,0,1,0,0,0
36005014400,,3,1,1,0,0,1
36047070201,,4,2,2,0,0,0
36081015200,,7,1,5,0,0,1
36061021600,,17,5,8,0,2,2
36085014606,,14,4,7,0,1,2
36081020800,,23,8,10,0,0,5
36005019400,,10,4,2,1,0,3
36005009600,,10,1,6,0,0,3
36005009800,,6,0,4,1,0,1
36061002500,,2,0,2,0,0,0
36081122300,,3,1,1,0,1,0
36081134100,,8,2,4,0,1,1
36081014202,,24,7,8,1,2,6
36081143500,,4,2,1,0,1,0
36081139900,,3,0,1,0,0,2
36081013800,,6,0,3,1,0,2
36005037800,,3,0,2,0,0,1
36081021600,,7,3,4,0,0,0
36081041400,,1,0,1,0,0,0
36081121100,,1,1,0,0,0,0
36005038000,,7,0,4,0,0,3
36081028400,,9,2,5,0,0,2
36081033402,,8,0,5,0,1,2
36081084602,,2,2,0,0,0,0
36047114201,,6,1,3,0,0,2
36081035800,,8,0,8,0,0,0
36081062600,,5,0,2,0,0,3
36081042600,,0,0,0,0,0,0
36081043200,,3,0,3,0,0,0
36061022301,,25,6,15,0,0,4
36061022302,,2,2,0,0,0,0
36005036100,,3,0,3,0,0,0
36081099704,,12,6,5,0,0,1
36005048400,,8,3,4,0,0,1
36081075702,,0,0,0,0,0,0
36085014100,,4,1,2,0,0,1
36081056800,,15,4,9,0,1,1
36081058000,,1,0,1,0,0,0
36081055700,,25,2,17,0,2,4
36081056700,,8,0,8,0,0,0
36081008700,,1,0,1,0,0,0
36081129103,,6,1,3,0,2,0
36047002901,,1,0,1,0,0,0
36081074500,,0,0,0,0,0,0
36081074700,,0,0,0,0,0,0
36081077902,,5,3,2,0,0,0
36081071303,,12,4,7,0,0,1
36081071305,,4,2,2,0,0,0
36081094203,,4,0,2,0,2,0
36005019700,,21,4,13,0,1,3
36005021900,,4,2,2,0,0,0
36047050400,,8,2,6,0,0,0
36081077907,,2,1,1,0,0,0
36047014300,,18,8,7,0,1,2
36081022001,,0,0,0,0,0,0
36081077905,,2,0,1,0,0,1
36047036100,,6,0,5,0,0,1
36047090000,,11,2,6,0,0,3
36061027300,,19,9,7,0,0,3
36081047600,,0,0,0,0,0,0
36081002500,,4,0,3,0,0,1
36061028700,,16,7,5,0,1,3
36081019400,,3,0,2,0,0,1
36081128300,,0,0,0,0,0,0
36061028100,,0,0,0,0,0,0
36047002200,,12,1,6,1,3,1
36061023502,,8,0,5,0,0,3
36047119000,,12,2,4,0,0,6
36061004200,,35,19,8,0,2,6
36061005700,,19,11,5,0,1,2
36047003800,,0,0,0,0,0,0
36047016200,,11,3,3,0,3,2
36005021200,,4,1,3,0,0,0
36081030600,,10,1,6,0,0,3
36081152901,,6,2,3,0,0,1
36005021002,,5,0,5,0,0,0
36005011900,,10,0,10,0,0,0
36047062200,,14,9,3,0,1,1
36005012300,,10,0,8,0,0,2
36005011502,,11,0,9,0,0,2
36047097400,,4,0,4,0,0,0
36047109800,,7,0,5,0,0,2
36085015100,,22,8,9,0,1,4
36047044500,,14,3,10,0,1,0
36047044700,,21,7,2,1,5,6
36061013600,,32,16,9,0,2,5
36081063800,,7,2,4,0,0,1
36081053900,,8,2,6,0,0,0
36005044902,,9,3,4,0,0,2
36081005300,,18,6,12,0,0,0
36061018300,,29,12,11,0,1,5
36081061602,,1,1,0,0,0,0
36081094201,,13,1,6,0,2,4
36047062800,,15,7,6,0,0,2
36047066600,,6,3,1,0,0,2
36061003900,,69,50,7,0,4,8
36061024200,,4,0,2,0,0,2
36047000900,,20,6,11,0,0,3
36047001100,,14,6,2,0,1,5
36047003500,,18,12,3,0,2,1
36061018900,,20,6,10,0,1,3
36047001500,,15,6,3,2,1,3
36047003100,,4,1,3,0,0,0
36047006600,,25,12,10,0,2,1
36047013400,,14,8,5,0,0,1
36047003700,,12,7,4,0,0,1
36061031703,,25,15,5,0,0,5
36061015900,,14,6,7,0,0,1
36061019100,,34,16,10,0,1,7
36061016300,,21,14,4,0,2,1
36005009000,,11,2,6,0,1,2
36061019300,,32,12,14,0,1,5
36081099200,,7,1,4,0,0,2
36047004400,,5,3,0,2,0,0
36061009900,,64,44,5,1,0,14
36005008400,,2,0,1,0,0,1
36061019702,,5,3,1,0,0,1
36047007000,,4,3,1,0,0,0
36005001900,,20,9,1,5,2,3
36061014402,,19,7,9,0,0,3
36061018700,,30,14,11,0,1,4
36061004000,,99,70,12,0,5,12
36085020804,,3,1,1,0,0,1
36085029103,,13,6,4,0,0,3
36047003400,,3,2,1,0,0,0
36047007200,,2,0,2,0,0,0
36047012200,,16,4,9,0,0,3
36047012600,,8,1,3,0,1,3
36081046400,,0,0,0,0,0,0
36081046600,,8,1,5,0,0,2
36081029700,,12,5,4,0,2,1
36047037000,,7,3,2,0,0,2
36047004600,,3,0,1,0,1,1
36047005000,,1,0,1,0,0,0
36005020100,,6,0,4,0,0,2
36061009300,,43,27,12,0,0,4
36081147900,,28,14,6,0,0,8
36061008800,,36,23,5,2,3,3
36061009000,,52,36,6,3,1,6
36047054300,,13,5,1,1,2,4
36047005602,,4,1,3,0,0,0
36061017800,,15,3,7,0,0,5
36081080900,,3,0,2,0,1,0
36085000300,,28,9,9,2,2,6
36047049000,,5,1,3,0,0,1
36061019200,,4,0,4,0,0,0
36061021900,,13,5,6,0,1,1
36081079300,,0,0,0,0,0,0
36081099900,,0,0,0,0,0,0
36047061600,,2,1,0,0,0,1
36047062000,,6,4,1,0,0,1
36047035000,,3,0,1,0,1,1
36047035400,,10,1,7,0,0,2
36047037401,,2,1,0,0,1,0
36061009700,,14,6,4,0,0,4
36005032800,,7,0,5,0,1,1
36005034000,,3,0,3,0,0,0
36085027702,,15,8,4,0,1,2
36081027600,,0,0,0,0,0,0
36047083000,,3,0,3,0,0,0
36047058900,,5,2,1,1,1,0
36005019300,,10,0,7,0,0,3
36081144700,,14,7,3,0,2,2
36047121400,,0,0,0,0,0,0
36085000600,,18,7,5,0,1,5
36085002100,,31,9,17,0,2,3
36085009602,,12,4,4,0,1,3
36081027800,,0,0,0,0,0,0
36085017700,,3,2,0,0,0,1
36005000200,,4,0,3,0,0,1
36081001900,,44,18,9,3,6,8
36085018100,,8,5,2,0,0,1
36047039200,,12,4,6,0,1,1
36047058400,,5,3,1,0,1,0
36047078800,,4,0,2,0,0,2
36005000400,,12,3,7,0,0,2
36005037600,,1,0,1,0,0,0
36081037300,,8,3,3,0,0,2
36005006300,,40,17,14,0,2,7
36005018900,,19,3,11,0,1,4
36005002000,,12,1,10,0,0,1
36085012805,,0,0,0,0,0,0
36085012806,,1,0,1,0,0,0
36081018700,,1,1,0,0,0,0
36081144100,,5,2,2,0,0,1
36061021000,,2,0,1,0,1,0
36061000800,,38,18,11,0,2,7
36005031000,,3,2,0,0,0,1
36081019900,,30,10,4,6,1,9
36061001600,,46,26,13,0,3,4
36005035600,,2,0,1,1,0,0
36081033100,,9,2,0,0,5,2
36061006200,,8,7,1,0,0,0
36005005100,,17,5,8,1,1,2
36005020501,,2,0,1,0,1,0
36081097202,,2,0,1,0,0,1
36061023801,,6,4,1,0,0,1
36005027402,,4,3,1,0,0,0
36005022000,,7,1,4,1,1,0
36005033400,,6,4,0,0,1,1
36005035800,,8,2,4,0,0,2
36081100802,,10,2,8,0,0,0
36081094202,,10,4,3,1,1,1
36081107202,,1,1,0,0,0,0
36005027600,,1,0,1,0,0,0
36081096400,,1,0,1,0,0,0
36047009400,,19,6,5,0,1,7
36047009600,,17,2,10,0,1,4
36061031100,,2,0,2,0,0,0
36047040700,,0,0,0,0,0,0
36081003700,,2,0,2,0,0,0
36081014100,,6,0,4,1,0,1
36081029900,,1,1,0,0,0,0
36047040900,,8,1,4,0,0,3
36061015500,,4,2,2,0,0,0
36081004500,,2,0,2,0,0,0
36047117602,,10,0,6,1,1,2
36005021800,,18,1,10,0,1,6
36061015100,,6,2,4,0,0,0
36005006200,,9,2,6,0,0,1
36081004700,,6,1,4,0,0,1
36085005000,,8,1,5,0,0,2
36085009601,,15,4,9,0,1,1
36047064200,,4,1,3,0,0,0
36005046202,,14,3,8,0,0,3
36047000100,,17,10,3,0,1,3
36061006000,,2,2,0,0,0,0
36061006900,,15,8,2,2,1,2
36047000301,,4,3,1,0,0,0
36047118400,,19,5,9,0,1,4
36085020803,,0,0,0,0,0,0
36061011000,,47,28,5,1,2,11
36061003700,,54,31,7,2,5,9
36061000700,,39,30,7,0,1,1
36047034900,,7,1,5,0,0,1
36061011700,,14,7,2,0,1,4
36061023600,,7,0,6,0,0,1
36081099705,,3,2,1,0,0,0
36047008200,,20,4,11,0,1,4
36047008600,,0,0,0,0,0,0
36061024302,,0,0,0,0,0,0
36005011800,,6,3,2,0,1,0
36047064400,,4,2,2,0,0,0
36085030301,,7,4,3,0,0,0
36085030302,,17,7,6,0,1,3
36081099100,,4,1,3,0,0,0
36047117800,,8,0,3,0,1,4
36061004400,,6,0,3,0,1,2
36047005100,,25,15,5,0,2,3
36047055700,,27,16,1,4,2,4
36081032800,,2,0,1,0,0,1
36081068200,,2,0,2,0,0,0
36061020500,,6,4,1,0,1,0
36061021100,,29,15,11,0,0,3
36081099703,,2,0,1,0,0,1
36047035100,,9,0,8,0,0,1
36047035700,,6,0,4,0,1,1
36061001002,,0,0,0,0,0,0
36047055100,,39,27,8,0,1,3
36061013500,,25,13,5,1,2,4
36061012900,,69,41,7,2,2,17
36047035300,,12,0,8,0,0,4
36061015200,,12,8,3,0,0,1
36005041800,,15,3,9,0,1,2
36047007700,,26,7,10,0,2,7
36047001300,,2,0,1,0,0,1
36047019900,,17,10,3,1,0,3
36061016200,,4,0,2,0,0,2
36005045102,,5,2,1,0,0,2
36081109300,,0,0,0,0,0,0
36047011900,,37,17,10,1,2,7
36081111300,,0,0,0,0,0,0
36081006202,,8,2,5,0,0,1
36061008602,,1,1,0,0,0,0
36005041400,,15,3,7,0,1,4
36085027900,,4,2,2,0,0,0
36061003100,,16,4,5,2,0,5
36047107000,,5,3,2,0,0,0
36081009900,,0,0,0,0,0,0
36047122000,,10,1,8,0,0,1
36005046201,,20,6,13,0,0,1
36047016300,,26,15,5,0,5,1
36061000600,,27,7,11,2,1,6
36081038301,,14,8,3,0,0,3
36081005500,,15,10,1,0,1,3
36047002300,,0,0,0,0,0,0
36061000202,,4,0,2,0,1,1
36047020300,,17,8,6,1,1,1
36081000100,,17,7,4,2,1,3
36047054900,,27,21,3,0,2,1
36081090700,,7,3,1,2,0,1
36061001001,,0,0,0,0,0,0
36047054700,,3,0,1,0,0,2
36061024000,,2,1,0,0,0,1
36047004700,,7,3,1,0,0,3
36061000201,,2,1,0,0,1,0
36061002400,,2,0,2,0,0,0
36047002100,,44,23,7,4,3,7
36061002000,,1,0,1,0,0,0
36047055500,,50,27,11,0,3,9
36047102800,,6,1,3,0,0,2
36047103400,,3,0,3,0,0,0
36081020500,,3,1,0,1,0,1
36061008200,,77,56,6,5,2,8
36061009200,,89,64,12,3,3,7
36081022900,,1,0,0,0,0,1
36061005200,,82,55,9,2,3,13
36061007200,,67,46,12,0,2,7
36061007400,,80,55,7,5,0,13
36047005300,,41,17,9,9,1,5
36061008601,,2,1,1,0,0,0
36061008000,,56,33,8,3,3,9
36061031704,,29,17,5,0,0,7
36047118000,,0,0,0,0,0,0
36005029301,,0,0,0,0,0,0
36081017100,,14,3,4,0,0,7
36081056100,,0,0,0,0,0,0
36005029302,,6,3,3,0,0,0
36061001501,,65,30,8,0,3,24
36061002900,,46,35,6,0,2,3
36061000900,,65,48,8,1,3,5
36061001300,,42,29,6,1,4,2
36005002400,,0,0,0,0,0,0
36005011700,,9,3,4,2,0,0
36061031900,,3,1,0,0,0,2
36061026500,,19,5,8,0,1,5
36061027500,,0,0,0,0,0,0
