geoid,cttreepct
36085022800,0.1361366836
36081089200,0.10876733938
36081100801,0.22701396043
36081038302,0.22109005766
36061004500,0.00706738759
36061013300,0.11835110828
36085004000,0.194079416
36047050803,0.1171755465
36061005900,0.10536080997
36047029500,0.23197215083
36047030500,0.08168817
36047034000,0.08998668148
36047034100,0.25360723906
36047034500,0.24192556967
36047044900,0.03627412695
36047059402,0.24774485014
36047059600,0.16925920662
36047059800,0.19772230348
36047105804,0.20473509325
36047112600,0.11164580948
36005012500,0.08649574684
36005012701,0.11435046809
36005027300,0.18421125039
36081032700,0.15670159226
36081032900,0.12718359255
36081033000,0.18857358116
36081064101,0.29170090887
36081086300,0.13709653897
36081091800,0.04856479006
36005022901,0.1124671496
36005025700,0.26299549209
36005023302,0.08615025281
36081021900,0.02239122596
36047021100,0.15633866916
36081071303,0.13637463698
36081077905,0.39569763467
36081002500,0.44503246197
36081017000,0.15904660452
36047002200,0.13728238228
36061004200,0.09235889027
36085029102,0.14320220797
36047035000,0.20094864306
36047005602,0.20590769811
36047070203,0.03007330885
36047070600,0.23588080643
36061001600,0.09448765306
36061011000,0.14064828583
36047004900,0.24631427948
36005031000,0.20039778274
36081097203,0.10855468554
36081099100,0.24944815696
36005050400,0.44450151705
36047054700,0.11919990767
36081022900,0.08207518198
36047001800,0.0141769387
36061005200,0.07745169813
36047016300,0.196327092
36061007800,0.17903113666
36047070202,0.17351811769
36047010000,0.16250089523
36081066400,0.12336558668
36085002900,0.22236128888
36061015601,0.10536262073
36061029500,0.12356417937
36047021600,0.18016628939
36047035601,0.36897747281
36047056200,0.20468495601
36005016000,0.17246978321
36081091601,0.07657916065
36081091602,0.30666174159
36081148300,0.37374906472
36085032300,0.221247412
36061023502,0.07785461865
36005009300,0.0314054133
36047062800,0.08121386396
36005051600,0.20264291621
36085015400,0.19452236613
36081096400,0.05934024975
36005033400,0.5930567812
36047053400,0.16889451435
36081014100,0.05721207568
36085027900,0.52839451907
36061007000,0.19636631066
36061029700,0.63060751734
36061001300,0.04821334117
36085022600,0.41823963805
36085024800,0.23802201456
36061011201,0.02951631559
36047027500,0.21543832119
36047031701,0.16710734683
36081098700,0.16137638098
36047054200,0.17230536806
36047084000,0.1374228542
36005005001,0.10061748459
36047018300,0.24913503385
36081010701,0.05620416659
36081085700,0.14182858363
36047074200,0.15144007409
36061008900,0.23935322828
36061009100,0.05624505504
36047006700,0.28910397294
36081101002,0.22531604541
36047027300,0.24243588356
36061003601,0.22096931005
36047009800,0.12928466217
36061029900,0.11850418677
36047051002,0.1571559619
36047006600,0.15629706563
36085019800,0.42370313264
36047017700,0.57529688685
36061003602,0.17772967245
36061014300,0.62616633332
36085015603,0.19238402499
36047021200,0.09333599463
36081138502,0.56589898114
36061003200,0.33131424406
36061015300,0.17015598324
36047050804,0.19190317863
36061022700,0.15914053864
36061003800,0.1510484845
36061009400,0.00852217707
36061004100,0.03106833259
36085000900,0.35773069797
36061004300,0.08033309951
36085001100,0.24867790363
36085001700,0.42471583461
36085002700,0.22151147052
36061009500,0.02311633519
36085007500,0.30078590691
36085003300,0.47492567718
36047021000,0.07862564107
36085007700,0.4353461543
36085003900,0.46182318936
36085005900,0.32026908539
36085006700,0.47063111137
36085010500,0.24114494331
36085011401,0.25630513211
36085011402,0.1677285021
36085012100,0.25853752479
36085012200,0.31917397723
36085012500,0.32455369008
36085012804,0.16099596274
36061012500,0.01657189382
36085013301,0.44172467945
36085013400,0.25640072127
36085014608,0.1617101176
36061003300,0.0374738249
36085013800,0.24200949964
36085014605,0.32288895016
36085014700,0.45884280921
36085015601,0.28913885802
36085017009,0.28434089967
36085017005,0.29741671843
36085017007,0.68311438204
36085017011,0.20357055258
36085018901,0.22398044208
36085020100,0.2466064183
36085018902,0.2063404809
36061008700,0.07354362105
36085019700,0.23485684
36085027704,0.17778791808
36085021300,0.19733104838
36061002100,0.02896390664
36085027706,0.07832693889
36085027705,0.09800848466
36061000100,0.19921128854
36085024401,0.44648824745
36085003600,0.19598964223
36061003001,0.08749056906
36061003400,0.15246654082
36085027301,0.42320306226
36085027302,0.48034443846
36061006100,0.07701470195
36061004800,0.20707438585
36085001800,0.25668628717
36085002002,0.25762258032
36061005800,0.01031937869
36085024402,0.45248079244
36061012600,0.14085240951
36085014607,0.15967164507
36061005400,0.03414318637
36085004700,0.43892685091
36061003002,0.20921802532
36085006400,0.20498578495
36085007400,0.10972035502
36085013201,0.30470700613
36061001401,0.31445125299
36085013203,0.27836268849
36061005501,0.24159931195
36085015602,0.21944419022
36061013900,0.1053100881
36085013204,0.26701953466
36085017008,0.15955946613
36061001402,0.13160788782
36085013302,0.14884246959
36061004900,0.06747507887
36085014604,0.20565475432
36085031901,0.18923616688
36085016901,0.24424524862
36085017012,0.25197564979
36085017300,0.24379799148
36085018701,0.23024963572
36061009600,0.02069292674
36061010200,0.03867432432
36085018702,0.19088265782
36085023100,0.18224719606
36085023900,0.13779737693
36061005502,0.05737803384
36085024700,0.13259881239
36085025100,0.21198145281
36061002201,0.23220736725
36061002202,0.12160758706
36085029104,0.29913808063
36061001502,0.01517737895
36061001800,0.1265115345
36061010100,0.01241127902
36061000500,0.20177356192
36061001200,0.21043047765
36061002601,0.21356179013
36061002602,0.21239323156
36061002700,0.19297871458
36061002800,0.16689010432
36061004700,0.04877035478
36061011401,0.06530917211
36061005600,0.15371337637
36061006300,0.18113737449
36061006400,0.12442143121
36061006500,0.26235417214
36061006600,0.21343677217
36061006700,0.18979981049
36047051001,0.07649202109
36061006800,0.06491463065
36061007100,0.17566313082
36061007300,0.20125842488
36061009800,0.15641134334
36061007500,0.16772373268
36061007600,0.01504020293
36061007700,0.19103892264
36061014601,0.13915711743
36061011402,0.1223281676
36061007900,0.0845772281
36061008100,0.09447164725
36061008300,0.08599846901
36061008400,0.12442804298
36061010000,0.04811054029
36061010300,0.03494313761
36061010400,0.05635819436
36061010601,0.15520175344
36061010800,0.10070308126
36061010900,0.00953431329
36061011100,0.03659884783
36061011202,0.02246086863
36061011203,0.0200968056
36061011300,0.00313989038
36061011500,0.03216998787
36061011600,0.19236585554
36061011800,0.1910111091
36061011900,0.00394571407
36061012000,0.17291382632
36061012100,0.12618619303
36061012200,0.11549508887
36061012400,0.09238555515
36061012700,0.15358810984
36061012800,0.15875649903
36061013000,0.14903624926
36061013100,0.01277631226
36061013200,0.15234915118
36061013400,0.16577442279
36061013700,0.0153086097
36061013800,0.13961459999
36061016002,0.10984331372
36061014000,0.15607164193
36061014200,0.15299723329
36061014401,0.20470126828
36061014500,0.15287641742
36061014602,0.15389985608
36061014700,0.04486488796
36061014801,0.09758875058
36061014802,0.11901919
36061016100,0.19853580243
36061014900,0.08858306379
36061015001,0.11737330246
36061015002,0.13997068467
36061015400,0.23134226034
36061015602,0.23647032744
36061015700,0.13332751835
36061015801,0.18462665489
36061015802,0.09072734937
36061016001,0.20477051441
36061017300,0.25396564173
36061016400,0.21586035256
36061016500,0.26661929627
36061016600,0.14765033601
36047014800,0.1098894335
36061019600,0.08300148729
36047018000,0.07810323507
36061016700,0.25466475226
36061016800,0.21211408834
36061016900,0.15101689816
36061017000,0.24130337663
36061017100,0.25076495509
36061017200,0.1004198536
36061017401,0.21749666231
36061017402,0.14912522919
36061017500,0.23274612933
36061017700,0.23545120749
36061018000,0.19221606807
36061018100,0.18868530903
36061018200,0.19367993403
36061018400,0.20922090617
36061018500,0.28086901538
36061018600,0.33173379846
36047022900,0.20825638161
36061018800,0.11811965752
36061019000,0.11884879951
36061019400,0.17360371227
36061019500,0.3121750717
36061019701,0.49550522031
36061019800,0.27417758559
36061023400,0.08420711191
36061019900,0.3163854705
36061020000,0.1274038094
36061020101,0.054611469
36061020102,0.12510298744
36061020300,0.11823834344
36061020600,0.12419252895
36061020701,0.06964166812
36061020800,0.1724690716
36061020901,0.22384421089
36047018400,0.11246806597
36047058000,0.12128588207
36061021200,0.15678233742
36061021303,0.07701130821
36061021400,0.21787583687
36061021500,0.10004129628
36061021703,0.30486206252
36061021800,0.11249391925
36061022000,0.11313225222
36061022102,0.14306614749
36061022200,0.07784029002
36061022400,0.29949034422
36061023501,0.24977995316
36061022600,0.16405194233
36061022800,0.15115014339
36061022900,0.16172857049
36061023000,0.13978412477
36061023100,0.23780473959
36061023200,0.12627542485
36047006200,0.15495338585
36061023802,0.23811273121
36061023900,0.19880486582
36061026100,0.04166373798
36047000700,0.26634995286
36061024100,0.10136919942
36061024301,0.16937257475
36061024500,0.07073692608
36061024700,0.29434913824
36061024900,0.09650417016
36061025100,0.09732893246
36061025300,0.07759371136
36061025700,0.07935090994
36061025900,0.1158713449
36061026300,0.05310517823
36061026700,0.11347912634
36061026900,0.05831483543
36061027100,0.07059090867
36061027700,0.10582334984
36047002000,0.04971379656
36061027900,0.15482289438
36061028300,0.21554103083
36061028500,0.07559604942
36061029100,0.07669223763
36061029300,0.05619033155
36047014700,0.1709842263
36061030300,0.27338342472
36061030700,0.15695721217
36047000200,0.01731886897
36047000501,0.19960046554
36047000502,0.22739711181
36047006000,0.11917479307
36047003000,0.20237234988
36047003300,0.14194490502
36047010400,0.09219466884
36047003600,0.13986198108
36047004100,0.27959872039
36047004300,0.14138159437
36047004500,0.31038817572
36047005201,0.32197677238
36047005202,0.24501749354
36047005400,0.16324678429
36047005800,0.10061840006
36047005900,0.04656323115
36047006400,0.15829455721
36047006500,0.2426671571
36047006800,0.11707219475
36047006900,0.19716679427
36047007100,0.29653817518
36047007400,0.11835466249
36047007500,0.19583211139
36047007600,0.1466841916
36047007800,0.14597170218
36047008000,0.16500659368
36047008400,0.10198494066
36047010600,0.10576657875
36047012000,0.04398134257
36047075200,0.19146061129
36047008500,0.34590963963
36047008800,0.07148352924
36047009000,0.0994916864
36047010100,0.06023115187
36047010200,0.12937261979
36047010800,0.09081257846
36047011000,0.07064831266
36047011200,0.14927341801
36047011400,0.1090853256
36047011600,0.17109664848
36047011700,0.07805473135
36047011800,0.16603316208
36047012100,0.08786069412
36047012700,0.17482270868
36047012801,0.30771001861
36047012902,0.19959837001
36047013000,0.14694486219
36047013100,0.22146948788
36047013200,0.19841011435
36047013300,0.22350536706
36047013500,0.2550743851
36047013600,0.23733003569
36047013700,0.18621878486
36047013800,0.15684090295
36047013900,0.1930743125
36047014000,0.13886763416
36047014100,0.16006517578
36047014200,0.19084865249
36047014500,0.10227613988
36047014900,0.20890705488
36047015000,0.1105471723
36047015100,0.22370481576
36047015200,0.16538091281
36047015300,0.24474738492
36047015500,0.28558310127
36047015700,0.26814456292
36047015900,0.32609153414
36047016000,0.10774564514
36047018600,0.09912945379
36047016100,0.22004132966
36047016500,0.27572617529
36047016600,0.15291644288
36047016700,0.2354518734
36047016800,0.11137591208
36047018700,0.24587218171
36047018800,0.11497756517
36047016900,0.16965154634
36047017000,0.10226611534
36047017100,0.21302611616
36047017200,0.07748126057
36047017400,0.14587361972
36047018501,0.24615993578
36047019000,0.05765004181
36047018200,0.07705136679
36047019100,0.13566612086
36047017600,0.14442338151
36047017800,0.078707828
36047017900,0.17638880238
36047018100,0.34276361278
36047017500,0.36233185168
36047019200,0.14042060181
36047019300,0.31228139136
36047019400,0.11095803046
36047019500,0.28418278692
36047019600,0.09218630808
36047019700,0.28007427037
36047019800,0.09635419898
36047020000,0.09373037732
36047020100,0.25066155171
36047020200,0.12770632989
36047020400,0.13898903446
36047020500,0.1962784842
36047020600,0.13690487154
36047023000,0.12529865603
36047020700,0.19851280226
36047020800,0.08801356024
36047021300,0.19766761677
36047021400,0.14969511305
36047021500,0.14606656586
36047021700,0.2198269444
36047021800,0.16073436164
36047021900,0.18649017444
36047022000,0.12072130099
36047022100,0.19100135448
36047022200,0.14119105747
36047022400,0.08253120449
36047023600,0.18808390419
36047022600,0.04346691882
36047022700,0.15568540435
36047022800,0.10600732243
36047023100,0.17748184852
36047023200,0.15609273118
36047023300,0.26446526802
36047023400,0.16960315176
36047023500,0.12128813373
36047023800,0.17142792536
36047024000,0.16532494265
36047024100,0.08058243322
36047024200,0.17621336126
36047024300,0.19281480761
36047024400,0.1141047488
36047024500,0.13964853993
36047024600,0.1056318652
36047027200,0.13094523915
36047075400,0.25805414655
36047024700,0.07835169784
36047024800,0.07130787277
36047024900,0.20066335257
36047025000,0.06103572697
36047025100,0.18258185782
36047025200,0.10506380537
36047025300,0.16408977869
36047026800,0.15855704434
36047025400,0.08082927913
36047025500,0.4026131065
36047025600,0.08625840756
36047025700,0.06791919454
36047025800,0.11690287122
36047025901,0.14390993655
36047026600,0.12608646107
36047025902,0.46313309248
36047026000,0.12227274602
36047026100,0.11261113572
36047026200,0.13023101571
36047026300,0.28260211114
36047026400,0.07877594253
36047026500,0.23469166624
36047026700,0.22498262922
36047026900,0.21343154784
36047027000,0.12344683249
36047027100,0.12033886618
36047058200,0.14094059956
36047027400,0.09510305137
36047027600,0.06557887628
36047027700,0.21735153834
36047027800,0.10433984448
36047027900,0.17953805527
36047028000,0.07197124482
36047028100,0.16177557479
36047028200,0.12929229754
36047028300,0.15662293178
36047028400,0.06829914088
36047028501,0.04328741482
36047029100,0.18124348146
36047028502,0.41265778082
36047028600,0.12061731343
36047028700,0.14781094847
36047028800,0.09534070681
36047028900,0.15532815115
36047029000,0.09077362915
36047029200,0.14630739289
36047029300,0.20723112264
36047029400,0.08081639262
36047029600,0.07256607208
36047029700,0.28173889673
36047033500,0.18980214115
36047032100,0.11866589593
36047029800,0.06062956379
36047029900,0.15121635984
36047030000,0.08524997787
36047030100,0.12019657828
36047030200,0.11210680712
36047030300,0.10306950688
36047030400,0.08776245514
36047030600,0.06611627778
36047030700,0.20059174831
36047031900,0.11384341406
36047030800,0.05062003124
36047030900,0.10704938554
36047031100,0.13279469484
36047032300,0.11942554103
36047032500,0.14393217577
36047035500,0.07100703414
36047031400,0.11700100871
36047031702,0.20614465432
36047032600,0.1074497323
36047032700,0.12035290095
36047032800,0.09162592357
36047032900,0.12715258556
36047034300,0.26498831916
36047034700,0.10405666659
36047033000,0.20734354548
36047033100,0.11718157347
36047033300,0.15170852221
36047101400,0.30860661432
36047036200,0.10134660799
36047036002,0.04292936506
36047033600,0.13976121037
36047033700,0.23123725635
36047033900,0.17418476758
36047034200,0.17083154344
36047009200,0.09812596541
36047035900,0.10733057531
36047035200,0.05072365913
36047034800,0.04166447032
36047036001,0.07448104901
36047035602,0.2016994586
36047037300,0.19166706691
36047036300,0.12633397143
36047036400,0.16270620841
36047036501,0.14013280787
36047036502,0.07650542159
36047036600,0.18600454481
36047036700,0.1168730367
36047036900,0.12957524164
36047037100,0.14076397443
36047038700,0.14628598802
36047037402,0.22134895224
36047037500,0.09112156838
36047037700,0.30839507491
36047037900,0.1156933137
36047038100,0.25197751296
36047038200,0.33380859694
36047038300,0.20874026804
36047038500,0.23178845821
36047038600,0.10694948332
36047038800,0.08632099801
36047075600,0.25894128694
36047048800,0.17255849382
36047038900,0.06661027888
36047039100,0.05037964401
36047039300,0.07938526479
36047039400,0.14978176408
36047039500,0.14897756829
36047039600,0.17315557291
36047055200,0.10941041745
36047039700,0.17364053476
36047039800,0.11879379854
36047039900,0.16520117279
36047040000,0.13218558764
36047043200,0.06618257225
36047040100,0.16098190064
36047040200,0.14011768085
36047040400,0.07206993117
36047040600,0.13020210448
36047040800,0.10819022386
36047041000,0.11497598956
36047041100,0.17283449928
36047041200,0.09399536938
36047041300,0.17170465411
36047041401,0.27403916159
36047041402,0.25589942199
36047041500,0.18866147035
36047041600,0.1359085679
36047041700,0.13383359933
36047101600,0.34507650628
36047041800,0.16149567776
36047041900,0.17410059089
36047042000,0.15462958405
36047042100,0.12685064057
36047042200,0.19241927522
36047042300,0.05975082199
36047042400,0.11924224584
36047042500,0.05344774011
36047042600,0.09339443662
36047042700,0.06442079878
36047042800,0.10330833833
36047042900,0.16029132322
36047043800,0.17014781919
36047043000,0.12822749743
36047043100,0.08770829643
36047101800,0.2890219874
36047045000,0.12067539011
36047043300,0.09360412115
36047043400,0.08926653312
36047043500,0.1522122026
36047043600,0.09401389468
36047043700,0.18385637505
36047043900,0.09929230766
36047044000,0.18664735796
36047044100,0.1204428377
36047044200,0.20507331037
36047044300,0.09616792808
36047044400,0.18368639681
36047044600,0.09409933716
36047044800,0.13716390895
36047045200,0.2249347713
36047045300,0.01404460382
36047045400,0.16534959157
36047045600,0.17624446025
36047045800,0.22666193057
36047046000,0.30026770723
36047046201,0.24810463621
36047055400,0.10330930834
36047046202,0.15320274549
36047046400,0.17061099355
36047046800,0.10605093454
36047047000,0.24432516382
36047047200,0.24512282656
36047047400,0.23463892188
36047047600,0.1864791335
36047047700,0.10393283474
36047047800,0.13230889683
36047048100,0.09898281428
36047048400,0.2061233169
36047048500,0.03209593711
36047048600,0.0684540111
36047048900,0.41146136464
36047049200,0.14407919924
36047059300,0.06501859614
36047063200,0.15698006775
36047050700,0.05139870338
36047049300,0.21697906834
36047076200,0.23639757828
36047049500,0.08816753552
36047049600,0.13061731532
36047049700,0.07596491944
36047049800,0.14828362141
36047049900,0.08743180406
36047050100,0.08638951344
36047050202,0.22454113294
36047050300,0.12100194091
36047050500,0.18406153439
36047050600,0.18153583496
36047050801,0.09087529428
36047051100,0.13177817256
36047051200,0.18792640391
36047051300,0.09573893844
36047051400,0.20197268329
36047051500,0.14494442016
36047051601,0.15513538018
36047051602,0.12976769954
36047051700,0.19635489287
36047051800,0.2893168678
36047051900,0.06377261982
36047052000,0.25561700606
36047059401,0.19112507936
36047052300,0.11077696252
36047052500,0.22608399366
36047052600,0.28735569159
36047052700,0.09774405177
36047052800,0.43318621067
36047052900,0.13927620746
36047053000,0.20456597447
36047053100,0.0977743108
36047053200,0.3164134554
36047053300,0.23497506915
36047053500,0.20798149341
36047055300,0.09254934086
36047053700,0.09950539349
36047053800,0.18761847129
36047053900,0.19287347659
36047054400,0.25177926791
36047054500,0.23279093022
36047054600,0.17112165203
36047054800,0.20811563641
36047055000,0.16760130258
36047055600,0.11129034274
36047055800,0.16304000573
36047056000,0.17313406306
36047079802,0.11763168985
36047056100,0.06864894744
36047056900,0.07692511625
36047057000,0.18860773591
36047056300,0.0887460593
36047056400,0.21119513697
36047056500,0.101840376
36047056600,0.18726542269
36047056800,0.18578478129
36047057100,0.12142298188
36047062600,0.12529658629
36047057200,0.48051186904
36047074400,0.20881562079
36047057300,0.08135825522
36047057400,0.16673231616
36047057500,0.10202948783
36047057600,0.18842105585
36047057800,0.14338811304
36047060000,0.1806221031
36047059100,0.28203017367
36047059200,0.16506088263
36047063800,0.1440678777
36047057900,0.01681945203
36047058600,0.14880647375
36047058800,0.09648866937
36047059000,0.17542140852
36047060600,0.14603764668
36047060800,0.23985321997
36047063600,0.22694505344
36047061002,0.09445424063
36047061003,0.08783741556
36047061004,0.12596887397
36047061200,0.26229321872
36047080000,0.21663435244
36047064000,0.19208635396
36047064600,0.14305570821
36047064800,0.19160033466
36047065000,0.16077425663
36047065200,0.21925776982
36047065400,0.21994260111
36047065600,0.20083837737
36047065800,0.18253659013
36047066000,0.18132560965
36047074000,0.14604634701
36047072800,0.20768836583
36047066200,0.095159666
36047067000,0.17354784411
36047067200,0.13169729304
36047067400,0.16183938246
36047067600,0.16904847252
36047067800,0.25166910299
36047068000,0.12585845963
36047068200,0.13898553738
36047068600,0.26911676575
36047068800,0.15695235676
36047069000,0.14030607474
36047069200,0.20244880299
36047069601,0.14856225661
36047074600,0.15532046745
36047069602,0.14335195123
36047073400,0.16221679493
36047076000,0.23557404043
36047073600,0.21207264527
36047073800,0.14765483057
36047074800,0.2011733365
36047075000,0.1757083673
36047072400,0.18836018602
36047072600,0.13192457953
36047075800,0.26161983669
36047069800,0.07558849258
36047070000,0.15530718232
36047072000,0.14532771893
36047072200,0.1976279934
36047076400,0.35404266946
36047076600,0.25109988081
36047076800,0.16471637411
36047077000,0.21057295616
36047080200,0.17882032299
36047079801,0.24321554528
36047080400,0.10482203652
36047077200,0.21490310371
36047077400,0.10108309148
36047077600,0.21622188897
36047078000,0.18335142918
36047078200,0.23626100748
36047078400,0.16425763344
36047078600,0.15483723475
36047079000,0.09999426978
36047079200,0.08974020137
36047079400,0.071227077
36047079601,0.16326419123
36047079602,0.10008989711
36047080600,0.1257350611
36047080800,0.19279407768
36047081000,0.16088473976
36047081400,0.16274045325
36047081600,0.15873396939
36047081800,0.14068148836
36047082000,0.1069702131
36047082200,0.14319401644
36047082400,0.09621203827
36047082600,0.11188821823
36047082800,0.10482557556
36047083200,0.16413040363
36047083400,0.17956285041
36047083600,0.0637289644
36047083800,0.19310731348
36047084600,0.11600489987
36047084800,0.11178519969
36047085000,0.17277274169
36047085200,0.35891856883
36047087200,0.17667610894
36047085400,0.18143436388
36047085600,0.13496914427
36047085800,0.16188108788
36047086000,0.10605058592
36047086200,0.097778379
36047086400,0.13033345212
36047086600,0.11977774051
36047086800,0.07338415862
36047087000,0.15888623759
36047087401,0.13922064551
36047087600,0.09597045198
36047087800,0.10611376994
36047088000,0.1133400951
36047088200,0.17321820522
36047088400,0.12477666689
36047088600,0.11390486942
36047088800,0.09866329358
36047089000,0.09725583286
36047089200,0.06116013
36047089400,0.12344467103
36047089600,0.14931053959
36047089800,0.16793337274
36047090200,0.15295482827
36047096600,0.14347047815
36047090600,0.20584007256
36047090800,0.10479791891
36047095600,0.1973048002
36047091000,0.21097727418
36047096800,0.18452903358
36047091200,0.32456526046
36047091600,0.14258518972
36047091800,0.16789831143
36047092000,0.12184528274
36047092200,0.18525973143
36047092400,0.12191397525
36047092800,0.09391256889
36047093000,0.12436862394
36047095800,0.1305301189
36047093200,0.0938136876
36047093400,0.18713357451
36047101200,0.24325778895
36047093600,0.15355431436
36047093800,0.09084671532
36047094401,0.15126987945
36047094402,0.41482428884
36047097000,0.14047560358
36047094600,0.1619540659
36047095000,0.20242680359
36047095400,0.20905585154
36047096000,0.08943583452
36047096200,0.10974940516
36047096400,0.1372066918
36047098200,0.26320312341
36047098400,0.17918240429
36047098600,0.24411891955
36047098800,0.16479791798
36047099000,0.14516822327
36047099200,0.13505317854
36047099400,0.18729808307
36047099600,0.20454020736
36047099800,0.23841008508
36047100400,0.18499807678
36047100600,0.19009288306
36047100800,0.13976550913
36047101000,0.12717364513
36047102000,0.34497024509
36047102200,0.24414100697
36047102400,0.14896395193
36047102600,0.21826900346
36005039200,0.18737424396
36047107800,0.10806562439
36047114600,0.1565515406
36047110400,0.11186737478
36047110600,0.46874612388
36047111000,0.37400804231
36047115600,0.08399723632
36047111600,0.05923946666
36047111800,0.12223646189
36047112000,0.17419010175
36047112200,0.10670314483
36047112400,0.15042984634
36047112800,0.13643217881
36047113000,0.09044395722
36047113200,0.07774091737
36047113400,0.09429043099
36047114400,0.06181344216
36047115000,0.10989672014
36047115200,0.11188876054
36047115800,0.18968325263
36081086500,0.19516406733
36047116000,0.14466630002
36047116200,0.15230204684
36047116400,0.12623114833
36047116600,0.08698077871
36047116800,0.09728499898
36047117000,0.11588522984
36047117201,0.15730199446
36047117202,0.13496133604
36047117400,0.13543025719
36047117601,0.19154676582
36047118201,0.14482999252
36047118202,0.15841914065
36047118600,0.14889522577
36047118800,0.10484046192
36047119200,0.12885596735
36047119400,0.10907995204
36047119600,0.10479940259
36047119800,0.06953650957
36047120000,0.11873740776
36047120200,0.14395227944
36005002701,0.25259651997
36047120800,0.09064697316
36047121000,0.36633734282
36085990100,0
36005003800,0.20732691251
36047123700,0.03911507012
36047150200,0.21843402892
36047152200,0.30303873881
36005024700,0.27010527275
36005000100,0.02259035913
36085008100,0.35135673373
36005005002,0.05471081667
36005001600,0.18542161164
36005002300,0.31501832445
36005002500,0.13974110903
36005002800,0.14952068634
36005003100,0.02490075813
36005003300,0.10438387796
36005003500,0.10112251472
36005003700,0.42622706085
36005022703,0.0935272341
36005003900,0.17142989093
36005004001,0.17494629161
36005004100,0.24426618592
36005004200,0.18689360343
36005004300,0.10038280459
36005004400,0.21848049912
36005004600,0.23831570074
36005004800,0.12185569565
36005005200,0.07891641733
36005005300,0.11457661323
36005005600,0.10768600187
36005005902,0.09779657827
36005006100,0.0455228185
36005006500,0.08476488594
36005006700,0.14920337001
36005006800,0.18877203978
36005006900,0.15529161848
36005007000,0.15274376883
36005008500,0.09075786267
36005044901,0.20946123996
36005008600,0.23888617708
36005007100,0.08577611818
36005007200,0.11492818558
36005007300,0.14065045281
36005007400,0.14235178997
36005007500,0.20138220186
36005007600,0.08344359261
36005007700,0.08263770443
36005007900,0.18503502533
36005008300,0.08378009971
36005008700,0.10965635253
36005008900,0.09834255419
36005012101,0.05679122663
36005012102,0.11385749567
36005012901,0.06010457183
36005013000,0.15607246662
36005013100,0.09958446792
36081003000,0.21173474552
36005014500,0.14813038118
36005022800,0.16304317699
36005014300,0.03464422034
36005026701,0.09221313938
36005014100,0.09512142656
36005013200,0.12932037779
36005013300,0.2644777412
36005013500,0.24239760682
36005039600,0.14135077668
36005013800,0.16395025885
36005017902,0.07407237458
36005014701,0.22979106115
36005014702,0.25121666794
36005014900,0.13432497087
36005015100,0.1779557135
36005015500,0.09143218645
36005016600,0.15008173862
36005015700,0.11402908673
36005015800,0.16227208196
36005015900,0.1047788541
36005016200,0.14792973161
36005018101,0.13130889192
36005016900,0.09883930032
36005016300,0.42204119108
36005016400,0.15707192585
36005018102,0.06708642721
36005022102,0.06938666955
36005023000,0.11784261023
36005016700,0.07521231742
36005039800,0.11848830432
36005017100,0.62743101621
36005017300,0.12500431339
36005017500,0.11665730205
36005017701,0.09304274002
36005017702,0.14771904674
36005017901,0.04026033639
36005018301,0.05395768165
36005018302,0.08114391895
36005018400,0.13705161498
36005018500,0.10785790799
36005019500,0.11348991345
36005019900,0.10916278304
36005022300,0.07179014605
36005020000,0.07879922225
36005020200,0.1536280276
36005020400,0.08423846949
36005020502,0.23351786726
36005020601,0.09435960231
36005020900,0.09051303686
36005023703,0.08016724683
36005021001,0.34381238406
36005021501,0.10549499434
36005021601,0.11667507106
36005021602,0.24328255141
36005022101,0.04125565523
36005022401,0.16077880192
36005022403,0.2607603435
36005022404,0.09936836368
36005022500,0.08946031012
36005023200,0.13729001131
36005023600,0.16362416539
36005023702,0.02308996277
36005023704,0.09767330276
36005023800,0.06334304623
36005023900,0.07141349737
36005024000,0.16155794395
36005024100,0.08563356243
36081011100,0.12561104673
36005025000,0.13151082659
36005025100,0.1404425965
36005025200,0.10236948851
36005024300,0.17026179056
36005024400,0.09999776842
36005024501,0.15505081861
36005024502,0.15148102494
36005024600,0.18619297347
36005024800,0.27620506452
36005024900,0.21094879812
36005025300,0.14156054757
36005025400,0.16460559678
36005025500,0.13940400578
36005025600,0.18182573199
36005026500,0.12185755363
36005031600,0.21008041254
36005026100,0.21585829339
36005026300,0.21449424951
36005026400,0.12767960556
36005027401,0.17080158392
36005027700,0.23584997968
36005031900,0.47949068352
36005028400,0.15158580517
36005028600,0.1555096423
36005028700,0.17982659939
36005028800,0.2372502619
36005029500,0.29168150708
36005029600,0.25551064002
36005034300,0.39650079914
36005031800,0.22226680527
36005029700,0.33916051327
36005030000,0.14033906238
36081011200,0.08554074882
36005030100,0.48287552569
36005032400,0.2829222295
36005044800,0.23323193011
36005030701,0.47707306583
36005031400,0.19408049174
36005033201,0.21862808241
36005033202,0.17040618734
36005033600,0.2510012753
36005033800,0.10092282569
36005034200,0.13076238066
36005034400,0.11980216822
36005034800,0.21361724146
36005030900,0.53050828083
36005031200,0.1552655537
36005032600,0.16477181735
36005033000,0.13225145842
36005037100,0.13926921974
36005035000,0.20343145135
36005037504,0.11843508059
36005036000,0.18816743956
36005036400,0.1265901843
36005036501,0.09533252891
36005036502,0.10622946755
36005036700,0.06249993204
36005036800,0.12007308803
36005037000,0.15658221021
36005037200,0.1711895309
36005037300,0.08457802066
36005039100,0.09887341781
36005037400,0.18430235032
36005037900,0.11021661941
36005038100,0.14844852414
36005038200,0.15029046057
36005038301,0.06909208071
36005038302,0.09911681941
36005038500,0.055386989
36005040600,0.11636739467
36005038600,0.18342975754
36005038700,0.09120463172
36005038800,0.1467624394
36005039400,0.13654779219
36005039902,0.04484199966
36005040100,0.2034230894
36005040303,0.11387146895
36005040304,0.07479697057
36081002800,0.22158785452
36005040400,0.13059676709
36005040501,0.11752895859
36005040502,0.13625238611
36005040701,0.06744943893
36005040702,0.17442961629
36005040800,0.14398878204
36005039300,0.09659345334
36005041100,0.12326618154
36005041300,0.10939869787
36005041500,0.16458976109
36005041900,0.30292807384
36005042000,0.11539397176
36005043100,0.08813849693
36005042100,0.20616441165
36005042200,0.1305527112
36005042300,0.32066708026
36005042400,0.16559344492
36081005900,0.10337302751
36005042500,0.19500303264
36085008900,0
36005042600,0.2042354862
36005042800,0.19382592416
36005042901,0.18954074873
36005042902,0.1234778646
36005043000,0.2282733421
36005043400,0.07936931882
36005043600,0.21254526533
36005044200,0.1419194371
36005044400,0.20197081001
36081002600,0.17163445356
36005045101,0.27223007625
36005045800,0.25550449198
36005046000,0.20979514796
36081003100,0.06115467082
36085020801,0.30949340326
36081003800,0.11780940837
36085017010,0.1926176275
36005015300,0.1354241849
36081003600,0.13005377155
36081003900,0.06203030849
36081004001,0.10707784541
36081004002,0.07501602515
36081000200,0.14983471939
36085020700,0.16223803415
36085000700,0.26861124578
36081003300,0.05628230326
36081003400,0.1575587991
36085009700,0.33613754689
36081005100,0.06818402575
36081000600,0.14485847157
36081000800,0.23096125777
36081001000,0.20115979712
36081001200,0.20156286602
36081001400,0.23993160292
36081001600,0.18389642065
36081002200,0.17345288535
36085022300,0.18682432404
36085031902,0.15280438744
36081000400,0.14969766836
36081002400,0.25001974212
36081004200,0.1425533468
36081004300,0.27709229777
36081004401,0.12586447438
36081005000,0.29102570054
36081005200,0.12370793594
36081010800,0.11030446139
36081005400,0.13758193125
36081005700,0.0810954062
36081005800,0.18102349545
36081006100,0.08833045675
36081010200,0.17056306813
36081006201,0.27501667846
36081006300,0.0966637278
36081006501,0.08448295838
36081006502,0.10724468166
36081006900,0.08643942493
36081015700,0.04013865584
36081007100,0.08513460579
36081007300,0.1220810565
36081007500,0.11775268569
36081007700,0.09780922873
36081007900,0.09086445527
36081009600,0.11719221646
36081008100,0.06700772243
36081008300,0.13474019717
36081008500,0.03624553185
36081008600,0.14997309851
36081008800,0.16506076499
36081011000,0.11220939761
36081009100,0.1166792268
36081009400,0.08029288112
36081009500,0.16655692049
36081009700,0.13126944891
36081009800,0.09185130029
36081010000,0.12342881276
36081011500,0.09541390826
36081010100,0.16212332846
36081010300,0.15561041615
36081010400,0.11302304088
36081010500,0.20003349727
36081010600,0.12551245996
36081011300,0.1190524377
36081011400,0.04834289263
36081011600,0.16168195189
36081011700,0.08610284663
36081011800,0.14242428624
36081011900,0.1188847878
36081012000,0.13494752239
36081012100,0.12191990315
36081012200,0.12432685999
36081013000,0.26161290021
36081012301,0.09099346351
36081012400,0.14466211966
36081012500,0.14736452096
36081012601,0.18911792145
36081012602,0.18379598469
36081012800,0.22441800039
36081078800,0.13414078652
36081014700,0.07630894273
36081013200,0.22120689228
36081013400,0.28861965183
36081013500,0.15419328674
36081013600,0.26995119016
36081013700,0.12118309039
36081014000,0.22297564367
36081014201,0.12467951108
36081014300,0.07901936739
36081014400,0.10496123665
36081014500,0.09656395495
36081014800,0.16124030523
36081014900,0.08010734071
36081015000,0.14234555787
36081015100,0.09365862655
36081015300,0.11896278577
36081015400,0.10744067241
36081015500,0.08537732139
36081015600,0.09466956621
36081015801,0.19242892899
36081015802,0.09665566397
36081015900,0.09198578942
36081016100,0.08404492931
36081026901,0.09542789454
36081016300,0.30542286965
36081019000,0.22389841733
36081016400,0.16323635323
36081016600,0.15588745171
36081016800,0.18964585341
36081016900,0.41692103628
36081017200,0.18533311433
36081052000,0.15655981919
36081023800,0.10674179416
36081017800,0.18734827709
36081017900,0.0342832795
36081018000,0.17090029789
36081018101,0.09661106907
36081018102,0.09493612255
36081018200,0.22946031073
36081026600,0.16536021021
36081018300,0.27030786106
36081018401,0.15966721663
36081018402,0.19004227026
36081018501,0.1624018479
36081018502,0.09284704019
36081018600,0.25223711993
36081018900,0.0841936404
36081019600,0.17554287087
36081019800,0.16340844918
36081020200,0.22639013713
36081020600,0.10168255201
36081021200,0.0956343282
36081023000,0.20009826326
36081023200,0.21138451377
36081023500,0.10009902344
36081023600,0.12108581908
36081025301,0.19238822921
36081024000,0.16727498447
36081026902,0.07862350897
36081024300,0.14554737344
36081025700,0.09930130422
36081024500,0.19717354804
36081024600,0.10490421246
36081024700,0.14625758958
36081024900,0.1095274667
36081025900,0.10966257483
36081025100,0.18102209118
36081025302,0.1001400984
36081025400,0.15712860406
36081025500,0.10111810591
36081026000,0.21479100576
36081035300,0.15277947371
36081026100,0.09039100742
36081026200,0.17962569038
36081026300,0.13345984116
36081026400,0.17562231498
36081027000,0.16607564977
36081027100,0.08795688604
36081027200,0.17393260831
36081027300,0.13463865268
36081027400,0.17971850818
36081027500,0.1300818126
36081027700,0.16513604383
36081027900,0.20429973635
36081028000,0.20449518831
36081028100,0.22819031383
36081028200,0.14289255718
36081028300,0.16362452862
36081028500,0.26388940511
36081028700,0.17059909005
36081028900,0.16651532874
36081029100,0.15746710638
36081029300,0.10073318429
36081037900,0.13023134561
36081029400,0.14836515847
36047048000,0.19371665843
36081029500,0.26199906408
36081030902,0.18776930913
36081030903,0.13889114365
36081036700,0.13580689066
36081033401,0.24116800441
36081030904,0.1977102246
36081031700,0.28625978193
36081033700,0.18872470545
36081033900,0.19217534252
36081028800,0.28345311357
36081034700,0.15449579729
36081035100,0.19033412781
36081035200,0.13151807161
36081036800,0.12633314218
36081035700,0.2205097541
36081036100,0.14978235001
36081036300,0.1690374626
36081036500,0.13594345704
36081036600,0.16116756513
36081095400,0.06784078097
36081037100,0.17930486906
36081037500,0.11313576262
36081037600,0.19194773092
36081037700,0.1747884889
36081038100,0.1798951936
36081038400,0.160393398
36081039400,0.17679207483
36081039800,0.20791874552
36081039900,0.17724543401
36081040000,0.21976174964
36081040100,0.08291018269
36081040200,0.27915146852
36081040300,0.10276942904
36081040400,0.1753216909
36081040500,0.10861767483
36081040700,0.09317381431
36081040900,0.10485627062
36081041100,0.1203731187
36081041300,0.1310524401
36081041500,0.12220427623
36081042400,0.24546273408
36081042700,0.12069646555
36081050500,0.1766470253
36081043400,0.22561240148
36081043701,0.10585766262
36081046100,0.12697272428
36081043702,0.11817489306
36081043900,0.10769240376
36081048100,0.14765069024
36081044000,0.15558687689
36081044301,0.17634475675
36081044302,0.10031388253
36081044601,0.05717882392
36081044602,0.10083992887
36081046900,0.15581392949
36081044800,0.23445821484
36081045000,0.15843909393
36081045200,0.26603975516
36081045400,0.17499805584
36081045500,0.1054947341
36081045600,0.22426286516
36081045700,0.171888191
36081046800,0.10110659179
36047114202,0.29506019679
36081047100,0.16980278291
36081048200,0.20620626567
36081045800,0.30738264691
36081045900,0.15291428752
36081046000,0.07344564128
36081052100,0.09896169803
36081046200,0.08364912199
36081046300,0.14256289913
36081046500,0.15430419314
36081046700,0.16182391287
36047031300,0.15163360453
36081047200,0.40809815811
36081047300,0.12480037123
36081047500,0.13311348851
36081061200,0.13256063655
36081047800,0.3043100934
36081047900,0.14746627872
36081048300,0.22237508788
36081048400,0.12903808304
36081052200,0.26831284503
36081048500,0.11216083191
36081049301,0.13892267678
36081048900,0.11711559293
36081050201,0.19915352128
36081050202,0.25638048263
36081049200,0.29751552588
36081051700,0.1761483761
36081052400,0.18429410277
36081049302,0.10921922341
36081049500,0.12869629302
36081049600,0.13124152981
36081049700,0.10655904675
36081049900,0.16356442437
36081050400,0.20233737631
36081050600,0.25997835768
36081051800,0.18258270004
36081050700,0.17801867735
36081050800,0.20698433654
36081051000,0.16827156618
36081053000,0.20416533955
36081051100,0.1520364678
36081051200,0.19213234913
36081051300,0.15419478121
36081055100,0.1279182438
36081051500,0.23246798862
36081051600,0.19043644373
36081052500,0.11208453938
36081052600,0.22873436192
36081052800,0.19325911923
36081053100,0.08815887867
36081053200,0.13931255457
36081053401,0.17442189785
36081058100,0.1798560138
36081056000,0.20858590409
36081053500,0.0305762953
36081055300,0.09617328682
36081053601,0.18972897214
36081053800,0.22859851558
36081056200,0.21993411933
36081054000,0.17548789073
36081054200,0.1535311573
36081054500,0.12808108598
36081054700,0.14720323029
36081054800,0.15670306437
36081054900,0.12842132382
36081055200,0.29316887283
36081059600,0.19783620981
36081055400,0.14048350104
36081055500,0.08970849852
36081055600,0.15855633409
36081055800,0.16656531786
36081058700,0.12472437636
36081056500,0.13203242558
36081056600,0.21623713118
36081057700,0.10814166557
36081057900,0.13230306527
36081058200,0.21006458364
36081058300,0.14652212106
36081058500,0.12036472135
36081058900,0.1515186864
36081059000,0.17905060385
36081059100,0.12395386392
36081059200,0.23281838791
36081059300,0.12403999955
36081059400,0.20831025665
36081061000,0.16820080966
36081059500,0.12024975102
36081059800,0.16221975749
36081059900,0.14639218762
36081060000,0.15837923661
36081060100,0.14345663918
36081060300,0.09627801562
36081060600,0.1642753905
36081060701,0.22782594797
36081060800,0.17563328497
36081061301,0.12949860424
36081061302,0.16876531346
36081061400,0.18917505129
36081061601,0.18131148031
36081061800,0.22918389591
36081061900,0.09531802934
36081062000,0.17362744773
36081062100,0.07962391706
36081062200,0.19738161451
36081062300,0.16427131456
36081062400,0.13048833941
36081062500,0.17670631829
36081062700,0.20446532298
36081066100,0.1805927042
36081062900,0.17385868884
36081063000,0.13638913902
36081063200,0.14758612496
36081063301,0.19444135777
36081063302,0.23159433651
36081063500,0.13903852574
36081063700,0.13588387059
36081063900,0.21987450968
36081069701,0.18105892841
36081067900,0.21921491984
36081064600,0.19227874509
36081064102,0.77230308951
36081064500,0.18237750427
36081065000,0.21333896605
36081065900,0.16210040042
36081066000,0.21661736698
36081065600,0.16903247217
36081065400,0.34249702349
36081065501,0.30051892231
36081065702,0.13070027614
36081065703,0.14798003036
36081085900,0.20710522113
36081066300,0.2346748058
36081066501,0.1691820985
36081066701,0.16048989333
36081066900,0.17909122009
36081097204,0.10813164271
36081067100,0.13539691417
36081067700,0.209909037
36081069500,0.19524829579
36081071900,0.19946853328
36081068000,0.18567473596
36081068300,0.09220941816
36081070900,0.2942358458
36081068700,0.12638024755
36081069000,0.14678965789
36081069300,0.10065468351
36081071100,0.21446864443
36081120300,0.27377694014
36081069400,0.14747559169
36081069702,0.27700454137
36081070300,0.3056981455
36081070700,0.3356259362
36005040302,0.05265043901
36081071304,0.19324273471
36081071306,0.14230997768
36081071701,0.12259165575
36081084900,0.06127767518
36081076902,0.19468366538
36081071702,0.11309548778
36081072100,0.21260161925
36081072300,0.37079112959
36081072900,0.30965799512
36081073100,0.28704600312
36081145101,0.17346638797
36081073700,0.33080790525
36081073900,0.20007381559
36081074100,0.25813172323
36047031500,0.13483243792
36081074300,0.20137232705
36081074900,0.51992615956
36081075701,0.1979019827
36081076901,0.2772748532
36081119100,0.13658251033
36081077300,0.50471242945
36081077500,0.43209646175
36081077903,0.3392208706
36081114700,0.36852852634
36081077904,0.22443985325
36081077906,0.23419002305
36081077908,0.13339068427
36081079000,0.17519148767
36081079701,0.15483306231
36081079702,0.27528861657
36081085300,0.12135661163
36081079900,0.12274678774
36081086400,0.10270425149
36081115100,0.39655379886
36081080302,0.22181683257
36081081400,0.23568695228
36081081800,0.15107965245
36081083800,0.15515738258
36081084000,0.12404263899
36081084500,0.20233307302
36081084601,0.16868283787
36081085500,0.15090220854
36081086100,0.17037273439
36081115500,0.22066099853
36081086900,0.03997782115
36081145102,0.22439316576
36081087100,0.08228402585
36081109700,0.3003201424
36081088901,0.18744036529
36081092200,0.17179331707
36081092500,0.12940413279
36081102900,0.18319688757
36081092800,0.13764776368
36081093401,0.10198887652
36081093402,0.07055530388
36081115700,0.20411374095
36081093800,0.02110726211
36081108500,0.16694231169
36081115900,0.23904295688
36081093900,0.13679947928
36081094700,0.1022273342
36081099701,0.26965737863
36081099801,0.10676195141
36081101700,0.19074699553
36081116100,0.21068001617
36081099802,0.0282311175
36081116300,0.16007622692
36081104700,0.24098753282
36081105900,0.20217428353
36081103202,0.18694077808
36081103300,0.17454951751
36081118900,0.19820372091
36081101001,0.11743738332
36081109900,0.15798274843
36081116700,0.21608640485
36081103201,0.19079190209
36081103900,0.20634754173
36081112300,0.19275195526
36081113900,0.28650205914
36081114100,0.30074757619
36081117100,0.21407344509
36081027600,0.12382742673
36081117500,0.22464191229
36081118100,0.20011678818
36081118500,0.18129272541
36081118700,0.2527476769
36081119300,0.20055821274
36081119500,0.26892996351
36081119900,0.2365684983
36081120100,0.20574476146
36081120500,0.16008628301
36081120700,0.26964183192
36081121500,0.22656530668
36081122701,0.24656328641
36081124700,0.21241499906
36081122702,0.25572536729
36081124100,0.26234309838
36081017600,0.16792497336
36081125700,0.27597050587
36081126500,0.18471197775
36081133300,0.26512977792
36081130100,0.29011622821
36081126700,0.18417919464
36081127700,0.42174889675
36081133900,0.20376821299
36047048200,0.18940165285
36081129102,0.40487047057
36081027800,0.20248980452
36081129104,0.31731712834
36081140901,0.23670595824
36081134700,0.39228798699
36081136700,0.33403041238
36081137700,0.23511293523
36081140300,0.24616704483
36081138501,0.29255733939
36081002000,0.21274728909
36081140902,0.22192845819
36081142900,0.20948110995
36005021301,0.0706217658
36081145900,0.16702902413
36005002702,0.04754051449
36081146300,0.21257497067
36081146700,0.24739489193
36081150702,0.32355210461
36081157901,0.24018944948
36081152902,0.28369988093
36081155101,0.23019567517
36061008603,0.181235818
36081157902,0.22723776401
36081157101,0.21378910558
36081157102,0.27596584291
36061023300,0.26183373798
36005005400,0.06572017531
36061022500,0.13555492892
36081157903,0.21552175904
36081161700,0.20204126416
36081000700,0.06756138487
36081021400,0.10789988145
36081162100,0.24118933288
36081001800,0.18378933316
36081020400,0.09991349775
36081003200,0.1625491752
36085011202,0.14158531858
36061017900,0.30094566009
36005032300,0.47481824281
36081155102,0.23623908973
36081156700,0.28144143792
36081026700,0.08641588414
36081022002,0.24522498349
36061023700,0.28994222482
36005030200,0.19404997866
36047015400,0.27835954726
36047016400,0.13987038279
36061025500,0.33185172752
36047049000,0.1942851258
36047078800,0.14260613143
36081113300,0.2463112038
36085017600,0.56078547395
36005009200,0.11174602912
36061030900,0.19999464815
36005033700,0.42104619987
36081112900,0.27661492043
36081026500,0.15038075006
36047073000,0.19230692339
36005033500,0.5685405346
36005007800,0.11555374496
36081147100,0.19514464036
36005035100,0.46623674862
36047083000,0.13303006405
36005035900,0.06621792771
36005016100,0.07867453017
36005036901,0.08706553291
36005039700,0.24907049479
36085007000,0.14067041759
36005022200,0.11589854671
36081055900,0.10642465733
36085011201,0.1586342985
36005034500,0.40347848326
36005036902,0.18195857014
36047073200,0.16243314343
36005045600,0.26876870207
36005039000,0.10877278251
36005038900,0.10285124084
36047009600,0.15800052899
36081107201,0.05997168025
36005039901,0.09468978192
36081044400,0.05335836504
36081047000,0.10909294744
36005022702,0.12152467311
36005039500,0.10361058824
36005023301,0.07644681694
36005023501,0.07217055112
36005016500,0.0803889267
36005023100,0.10181353035
36005022902,0.14337667121
36005026702,0.22916431699
36005028100,0.32696461545
36005026602,0.1040728952
36081050000,0.14721171699
36081079200,0.1557687695
36081080301,0.11826305392
36081083700,0.21372610432
36005021100,0.14818735912
36005021302,0.13248819651
36081025800,0.16122988986
36081056400,0.17324371411
36005040900,0.20325897335
36081048000,0.11513036838
36005026601,0.11218994247
36005026900,0.19258700561
36005021502,0.09077830518
36005006000,0.12040255374
36081015200,0.13654688651
36005021700,0.12277755118
36061008800,0.10999438032
36061002500,0.30395089584
36047117602,0.1407023667
36081091900,0.12362605314
36081092900,0.15808160057
36081094500,0.17031205039
36005022701,0.07461573631
36081097300,0.22759115629
36081032000,0.15103538382
36005011000,0.09568721667
36005006400,0.18907841959
36081019200,0.24014360267
36005027900,0.3217715203
36047049400,0.21881744983
36005023502,0.07298849532
36081139900,0.20590769995
36085000800,0.1495637263
36085002001,0.24184178165
36047050000,0.20659700221
36047035100,0.13200428076
36005028300,0.14157048673
36005028500,0.21852389528
36005028900,0.13474648563
36081017400,0.17615653183
36005019400,0.17472761835
36005009600,0.06561787868
36061009000,0.13344851502
36047117800,0.06891305397
36047070201,0.25207701407
36081134100,0.2358932438
36085014606,0.28795949036
36005009800,0.11639514455
36081122300,0.25885999243
36081020800,0.05273658275
36005014400,0.26173091062
36005015200,0.15723205774
36081018800,0.2187809161
36081014202,0.05412300326
36081143500,0.25080756806
36061028100,0.41538548532
36005038000,0.12167670676
36047118400,0.15194780143
36081141700,0.20076365403
36047003500,0.13941453822
36081013800,0.20508868914
36005037800,0.1607306884
36081021600,0.26187274224
36081028400,0.15665159707
36047014300,0.10350592503
36081033402,0.29423603856
36081043200,0.2118084201
36081084602,0.1139773622
36081121100,0.43557654741
36005036300,0.13175185326
36081041400,0.13722212556
36047114201,0.21191747253
36081035800,0.19152630991
36081062600,0.16705698653
36081042600,0.20878390259
36061022301,0.1437965897
36061022302,0.04323804166
36081056700,0.20414995405
36081099704,0.2440636029
36005048400,0.33271933009
36081075702,0.24398932688
36081071305,0.1669807258
36081056800,0.13212818729
36047003900,0.16743836122
36081058000,0.2021617873
36081055700,0.21590019999
36081008700,0.24268106341
36081129103,0.31716577465
36005019700,0.04807015862
36047002901,0.26454142718
36081074500,0.2029088962
36081074700,0.24187460994
36081077902,0.25307148054
36047035300,0.14810254149
36081094203,0.03000612244
36005021900,0.05783296137
36047049100,0.119545492
36047050400,0.14786739604
36081077907,0.21177433531
36061013600,0.14613935493
36081022001,0.32336414491
36061027300,0.2093404753
36081019400,0.21024467005
36047001100,0.13412125648
36047036100,0.08822156428
36047050900,0.08803954824
36081047600,0.45643281987
36047090000,0.11168296
36081128300,0.6408882829
36061018900,0.23860242745
36061028700,0.51130365646
36005021200,0.37070798669
36047105801,0.22163624228
36047119000,0.13451430451
36061005700,0.04821963186
36047016200,0.15990055723
36081152901,0.26609183239
36081030600,0.11221859601
36047062200,0.13240013353
36005021002,0.36029563418
36005012300,0.06521767324
36005011900,0.14307584957
36005011502,0.04222165064
36047097400,0.10861437975
36081005300,0.09959966797
36047109800,0.07628498075
36085014100,0.19360656532
36085015100,0.29133890771
36047044500,0.10737183174
36047044700,0.02574341903
36047012200,0.12533833198
36047000900,0.10816225126
36081053900,0.13531332926
36005043500,0.57049558308
36005044902,0.186004894
36061018300,0.22319203258
36081061602,0.29305073573
36081063800,0.23377319446
36081094201,0.03583918283
36047066600,0.14985918812
36047003700,0.01997530987
36061003900,0.06984444787
36047003100,0.344805172
36047001500,0.12922925577
36061024200,0.13640543939
36047012901,0.17244495715
36047007200,0.07251036723
36047013400,0.26586578936
36061031703,0.11489412519
36061015900,0.12052741492
36047039000,0.13942737966
36061016300,0.29432557149
36047012600,0.24106742034
36047040500,0.13035555392
36047040300,0.18423497411
36061019100,0.29301113982
36061014402,0.33754874707
36081099200,0.09735311809
36005020100,0.2413030969
36061009900,0.02949466765
36005008400,0.14102738324
36005009000,0.08952718631
36061019300,0.11046953561
36061019702,0.09069979443
36061021600,0.09703191713
36047007000,0.16160220416
36005001900,0.06822716224
36061018700,0.3032467127
36061004000,0.14320246039
36085020804,0.24116618209
36081029700,0.15185535644
36085029103,0.26484454998
36047003400,0.20712833374
36047037000,0.20732979583
36081046400,0.39200440844
36047005000,0.23292433754
36047003800,0.18997245293
36061000201,0.19199351093
36081046600,0.30833942715
36061005000,0.15506002817
36047004400,0.23472313554
36047004600,0.24337774494
36061021900,0.12779445896
36081147900,0.40467774252
36081080900,0.21347457207
36047121400,0.4689317066
36061017800,0.21466259237
36047054300,0.08813196608
36085000300,0.09327352813
36061008200,0.05234128601
36061019200,0.22312544735
36081079300,0.17438778197
36047062000,0.25692423304
36047061600,0.17880458487
36081099900,0.242476905
36047035400,0.14415492592
36047037401,0.18292688433
36061009300,0.2431185666
36061009700,0.24599825587
36061009200,0.02269490394
36005032800,0.23418769075
36005034000,0.12146713357
36085027702,0.12460182267
36047005601,0.17829406061
36081005500,0.04319994825
36081004700,0.3310516637
36085002100,0.1511241596
36005035800,0.21620787558
36085000600,0.21297957092
36085009602,0.19030855398
36047064400,0.19551872178
36047058900,0.02616336885
36005019300,0.19023867321
36085017700,0.43572371252
36005000200,0.17450703126
36081001900,0.02422652206
36005006300,0.1191548821
36005035600,0.1185189198
36085018100,0.62440613418
36081098100,0.14549788831
36047039200,0.12556462204
36047058400,0.09000772347
36005000400,0.18075681329
36005037600,0.27161143053
36081037300,0.15989859297
36005018900,0.16969059152
36005002000,0.27200160514
36061011700,0.0378293145
36085012805,0.12445186085
36085012806,0.15349697442
36081018700,0.13520540009
36061021000,0.30107257663
36061000800,0.09941726988
36047055700,0.02508824179
36081019900,0.0520061729
36081150701,0.32234049768
36047006300,0.17849582745
36061006200,0.07450268854
36081033100,0.01998110042
36005005100,0.12986086319
36081144100,0.25020829176
36047035700,0.39216921581
36081144700,0.23547963821
36005020501,0.23796848107
36061015500,0.1995999768
36081097202,0.05743576132
36005022000,0.05998852772
36061023801,0.20185134001
36081004500,0.24389017272
36081100802,0.20728604988
36081094202,0.13999756928
36081107202,0.10157614796
36005027402,0.15076585405
36005027600,0.27274289397
36005036100,0.25215702054
36081029900,0.22178736469
36081003700,0.14407510953
36005021800,0.17497028674
36061031100,0.57455121165
36061010602,0.10717192667
36061015100,0.10072441508
36005006200,0.26853049242
36061003700,0.06595632297
36085005000,0.21219494336
36085009601,0.25832136622
36061006900,0.08170345384
36005046202,0.18581383292
36047000301,0.21075759558
36061007200,0.11625269978
36061006000,0.40367101495
36085020803,0.41367032057
36047009400,0.12661189448
36047000100,0.21915548397
36085030301,0.12175472255
36061021100,0.33246445389
36085030302,0.2069105823
36061000700,0.02622203833
36061023600,0.17850820642
36081099705,0.12012123519
36047008200,0.11872377057
36047008600,0.43480961779
36061024302,0.35533761895
36081071600,0.02315968164
36081088400,0.12758900911
36005011800,0.17753843301
36005041800,0.16134953353
36061004400,0.32976770805
36061007400,0.02343047789
36081032800,0.19816696287
36081068200,0.14617368473
36061020500,0.40025409052
36061008602,0.13567303939
36047007700,0.11322997849
36081099703,0.23478616987
36047034900,0.14369255101
36061001002,0.3926200039
36047055100,0.08200957809
36061013500,0.07821847892
36061012900,0.0315370672
36061015200,0.2640616987
36061003100,0.16062394267
36061016200,0.20862508071
36061000600,0.23308514605
36081109300,0.33913392273
36005046201,0.14746210525
36081111300,0.24347736514
36081006202,0.1488342247
36081009900,0.45936431225
36047107000,0.04115378214
36005045102,0.24714649328
36047122000,0.06044223347
36005041400,0.14361732795
36047001300,0.26082849424
36047118000,0.29902315326
36061000202,0.31869732121
36081038301,0.04624468163
36047002300,0.26912825356
36047040700,0.327030778
36081090700,0.08824740571
36061001001,0.25042886324
36047054900,0.04982844673
36047040900,0.11875914564
36047004700,0.05849214916
36047005100,0.12373696672
36061024000,0.09897736689
36047002100,0.04781169129
36061002000,0.32809725566
36061002400,0.31662206668
36047055500,0.01982229586
36047102800,0.22300102034
36005002400,0.27509859322
36047103400,0.21037432425
36081020500,0.07108306912
36047005300,0.05387815658
36047011900,0.03689104584
36047019900,0.18602845807
36047020300,0.12390996318
36081000100,0.02999065787
36061031704,0.20160779799
36061008601,0.09589036121
36061008000,0.10344138713
36081056100,0.29306380521
36005029302,0.39698020194
36061001501,0.08203596721
36061002900,0.11921610772
36005029301,0.51656793944
36047064200,0.21105518562
36061000900,0.01940751709
36081017100,0.01645189375
36061031900,0.42882617292
36061026500,0.09326751618
36061027500,0.4551371153
36005011700,0.04256214142
